[{"model": "admin.logentry", "pk": 1, "fields": {"action_time": "2024-03-23T01:58:40.112Z", "user": 1, "content_type": 24, "object_id": "1", "object_repr": "девопс", "action_flag": 1, "change_message": "[{\"added\": {}}]"}}, {"model": "admin.logentry", "pk": 2, "fields": {"action_time": "2024-03-23T01:58:46.845Z", "user": 1, "content_type": 24, "object_id": "2", "object_repr": "слесарь", "action_flag": 1, "change_message": "[{\"added\": {}}]"}}, {"model": "admin.logentry", "pk": 3, "fields": {"action_time": "2024-03-23T01:58:55.719Z", "user": 1, "content_type": 23, "object_id": "1", "object_repr": "Калуга", "action_flag": 1, "change_message": "[{\"added\": {}}]"}}, {"model": "admin.logentry", "pk": 4, "fields": {"action_time": "2024-03-23T01:59:04.277Z", "user": 1, "content_type": 23, "object_id": "2", "object_repr": "Ысеть", "action_flag": 1, "change_message": "[{\"added\": {}}]"}}, {"model": "admin.logentry", "pk": 5, "fields": {"action_time": "2024-03-23T01:59:11.382Z", "user": 1, "content_type": 23, "object_id": "3", "object_repr": "Мурманск", "action_flag": 1, "change_message": "[{\"added\": {}}]"}}, {"model": "admin.logentry", "pk": 6, "fields": {"action_time": "2024-03-23T01:59:18.385Z", "user": 1, "content_type": 23, "object_id": "4", "object_repr": "Лион", "action_flag": 1, "change_message": "[{\"added\": {}}]"}}, {"model": "admin.logentry", "pk": 7, "fields": {"action_time": "2024-03-23T02:00:18.825Z", "user": 1, "content_type": 12, "object_id": "1", "object_repr": "1-3 года", "action_flag": 1, "change_message": "[{\"added\": {}}]"}}, {"model": "admin.logentry", "pk": 8, "fields": {"action_time": "2024-03-23T02:00:28.114Z", "user": 1, "content_type": 12, "object_id": "2", "object_repr": "без опыта", "action_flag": 1, "change_message": "[{\"added\": {}}]"}}, {"model": "admin.logentry", "pk": 9, "fields": {"action_time": "2024-03-23T02:00:45.323Z", "user": 1, "content_type": 12, "object_id": "3", "object_repr": "более 5 лет", "action_flag": 1, "change_message": "[{\"added\": {}}]"}}, {"model": "admin.logentry", "pk": 10, "fields": {"action_time": "2024-03-23T02:00:52.083Z", "user": 1, "content_type": 10, "object_id": "1", "object_repr": "среднее", "action_flag": 1, "change_message": "[{\"added\": {}}]"}}, {"model": "admin.logentry", "pk": 11, "fields": {"action_time": "2024-03-23T02:01:07.081Z", "user": 1, "content_type": 10, "object_id": "2", "object_repr": "высшее", "action_flag": 1, "change_message": "[{\"added\": {}}]"}}, {"model": "admin.logentry", "pk": 12, "fields": {"action_time": "2024-03-23T02:01:22.373Z", "user": 1, "content_type": 16, "object_id": "1", "object_repr": "100% при выходе на работу", "action_flag": 1, "change_message": "[{\"added\": {}}]"}}, {"model": "admin.logentry", "pk": 13, "fields": {"action_time": "2024-03-23T02:01:36.146Z", "user": 1, "content_type": 16, "object_id": "2", "object_repr": "100% после 2 месяцев", "action_flag": 1, "change_message": "[{\"added\": {}}]"}}, {"model": "admin.logentry", "pk": 14, "fields": {"action_time": "2024-03-23T02:01:49.729Z", "user": 1, "content_type": 21, "object_id": "1", "object_repr": "петь", "action_flag": 1, "change_message": "[{\"added\": {}}]"}}, {"model": "admin.logentry", "pk": 15, "fields": {"action_time": "2024-03-23T02:02:00.890Z", "user": 1, "content_type": 21, "object_id": "2", "object_repr": "кодить", "action_flag": 1, "change_message": "[{\"added\": {}}]"}}, {"model": "admin.logentry", "pk": 16, "fields": {"action_time": "2024-03-23T02:02:19.360Z", "user": 1, "content_type": 21, "object_id": "3", "object_repr": "молчать", "action_flag": 1, "change_message": "[{\"added\": {}}]"}}, {"model": "admin.logentry", "pk": 17, "fields": {"action_time": "2024-03-23T02:02:30.243Z", "user": 1, "content_type": 21, "object_id": "4", "object_repr": "презентовать", "action_flag": 1, "change_message": "[{\"added\": {}}]"}}, {"model": "admin.logentry", "pk": 18, "fields": {"action_time": "2024-03-23T02:02:44.358Z", "user": 1, "content_type": 21, "object_id": "5", "object_repr": "джава", "action_flag": 1, "change_message": "[{\"added\": {}}]"}}, {"model": "admin.logentry", "pk": 19, "fields": {"action_time": "2024-03-23T02:02:53.378Z", "user": 1, "content_type": 13, "object_id": "1", "object_repr": "англ", "action_flag": 1, "change_message": "[{\"added\": {}}]"}}, {"model": "admin.logentry", "pk": 20, "fields": {"action_time": "2024-03-23T02:03:00.481Z", "user": 1, "content_type": 13, "object_id": "2", "object_repr": "японский", "action_flag": 1, "change_message": "[{\"added\": {}}]"}}, {"model": "admin.logentry", "pk": 21, "fields": {"action_time": "2024-03-23T02:03:30.783Z", "user": 1, "content_type": 14, "object_id": "1", "object_repr": "A1", "action_flag": 1, "change_message": "[{\"added\": {}}]"}}, {"model": "admin.logentry", "pk": 22, "fields": {"action_time": "2024-03-23T02:03:37.299Z", "user": 1, "content_type": 14, "object_id": "2", "object_repr": "B1", "action_flag": 1, "change_message": "[{\"added\": {}}]"}}, {"model": "admin.logentry", "pk": 23, "fields": {"action_time": "2024-03-23T02:03:43.014Z", "user": 1, "content_type": 14, "object_id": "3", "object_repr": "A2", "action_flag": 1, "change_message": "[{\"added\": {}}]"}}, {"model": "admin.logentry", "pk": 24, "fields": {"action_time": "2024-03-23T02:03:47.554Z", "user": 1, "content_type": 14, "object_id": "4", "object_repr": "B2", "action_flag": 1, "change_message": "[{\"added\": {}}]"}}, {"model": "admin.logentry", "pk": 25, "fields": {"action_time": "2024-03-23T02:03:51.474Z", "user": 1, "content_type": 14, "object_id": "5", "object_repr": "C1", "action_flag": 1, "change_message": "[{\"added\": {}}]"}}, {"model": "admin.logentry", "pk": 26, "fields": {"action_time": "2024-03-23T02:03:55.939Z", "user": 1, "content_type": 14, "object_id": "6", "object_repr": "C2", "action_flag": 1, "change_message": "[{\"added\": {}}]"}}, {"model": "admin.logentry", "pk": 27, "fields": {"action_time": "2024-03-23T02:04:37.452Z", "user": 1, "content_type": 20, "object_id": "1", "object_repr": "фулл", "action_flag": 1, "change_message": "[{\"added\": {}}]"}}, {"model": "admin.logentry", "pk": 28, "fields": {"action_time": "2024-03-23T02:04:44.846Z", "user": 1, "content_type": 20, "object_id": "2", "object_repr": "гибкий", "action_flag": 1, "change_message": "[{\"added\": {}}]"}}, {"model": "admin.logentry", "pk": 29, "fields": {"action_time": "2024-03-23T02:04:50.636Z", "user": 1, "content_type": 20, "object_id": "3", "object_repr": "парттайм", "action_flag": 1, "change_message": "[{\"added\": {}}]"}}, {"model": "admin.logentry", "pk": 30, "fields": {"action_time": "2024-03-23T02:05:06.949Z", "user": 1, "content_type": 17, "object_id": "1", "object_repr": "в штат", "action_flag": 1, "change_message": "[{\"added\": {}}]"}}, {"model": "admin.logentry", "pk": 31, "fields": {"action_time": "2024-03-23T02:05:14.028Z", "user": 1, "content_type": 17, "object_id": "2", "object_repr": "фриланс", "action_flag": 1, "change_message": "[{\"added\": {}}]"}}, {"model": "admin.logentry", "pk": 32, "fields": {"action_time": "2024-03-23T02:05:25.506Z", "user": 1, "content_type": 15, "object_id": "1", "object_repr": "удаленка", "action_flag": 1, "change_message": "[{\"added\": {}}]"}}, {"model": "admin.logentry", "pk": 33, "fields": {"action_time": "2024-03-23T02:05:44.590Z", "user": 1, "content_type": 15, "object_id": "2", "object_repr": "еще какая-то", "action_flag": 1, "change_message": "[{\"added\": {}}]"}}, {"model": "admin.logentry", "pk": 34, "fields": {"action_time": "2024-03-23T02:06:04.391Z", "user": 1, "content_type": 11, "object_id": "1", "object_repr": "провести собес", "action_flag": 1, "change_message": "[{\"added\": {}}]"}}, {"model": "admin.logentry", "pk": 35, "fields": {"action_time": "2024-03-23T02:07:27.815Z", "user": 1, "content_type": 11, "object_id": "2", "object_repr": "найти кандидитов", "action_flag": 1, "change_message": "[{\"added\": {}}]"}}, {"model": "admin.logentry", "pk": 36, "fields": {"action_time": "2024-03-23T02:07:50.555Z", "user": 1, "content_type": 11, "object_id": "3", "object_repr": "первичный отбор по анкетам", "action_flag": 1, "change_message": "[{\"added\": {}}]"}}, {"model": "admin.logentry", "pk": 37, "fields": {"action_time": "2024-03-23T02:07:54.159Z", "user": 1, "content_type": 9, "object_id": "1", "object_repr": "девопс", "action_flag": 1, "change_message": "[{\"added\": {}}, {\"added\": {\"name\": \"\\u0417\\u0430\\u044f\\u0432\\u043a\\u0430-\\u041d\\u0430\\u0432\\u044b\\u043a\", \"object\": \"SkillApplication object (1)\"}}, {\"added\": {\"name\": \"\\u0417\\u0430\\u044f\\u0432\\u043a\\u0430-\\u041d\\u0430\\u0432\\u044b\\u043a\", \"object\": \"SkillApplication object (2)\"}}, {\"added\": {\"name\": \"\\u0417\\u0430\\u044f\\u0432\\u043a\\u0430-\\u041d\\u0430\\u0432\\u044b\\u043a\", \"object\": \"SkillApplication object (3)\"}}, {\"added\": {\"name\": \"\\u0417\\u0430\\u044f\\u0432\\u043a\\u0430-\\u041d\\u0430\\u0432\\u044b\\u043a\", \"object\": \"SkillApplication object (4)\"}}, {\"added\": {\"name\": \"\\u0417\\u0430\\u044f\\u0432\\u043a\\u0430-\\u041d\\u0430\\u0432\\u044b\\u043a\", \"object\": \"SkillApplication object (5)\"}}, {\"added\": {\"name\": \"\\u0417\\u0430\\u044f\\u0432\\u043a\\u0430-\\u042f\\u0437\\u044b\\u043a\", \"object\": \"LanguageApplication object (1)\"}}, {\"added\": {\"name\": \"\\u0417\\u0430\\u044f\\u0432\\u043a\\u0430-\\u041e\\u0444\\u043e\\u0440\\u043c\\u043b\\u0435\\u043d\\u0438\\u0435\", \"object\": \"RegistrationApplication object (1)\"}}, {\"added\": {\"name\": \"\\u0417\\u0430\\u044f\\u0432\\u043a\\u0430-\\u041e\\u0444\\u043e\\u0440\\u043c\\u043b\\u0435\\u043d\\u0438\\u0435\", \"object\": \"RegistrationApplication object (2)\"}}, {\"added\": {\"name\": \"\\u0417\\u0430\\u044f\\u0432\\u043a\\u0430-\\u0422\\u0438\\u043f\\u0417\\u0430\\u043d\\u044f\\u0442\\u043e\\u0441\\u0442\\u0438\", \"object\": \"OccupationApplication object (1)\"}}, {\"added\": {\"name\": \"\\u0417\\u0430\\u044f\\u0432\\u043a\\u0430-\\u0422\\u0438\\u043f\\u0417\\u0430\\u043d\\u044f\\u0442\\u043e\\u0441\\u0442\\u0438\", \"object\": \"OccupationApplication object (2)\"}}, {\"added\": {\"name\": \"\\u0417\\u0430\\u044f\\u0432\\u043a\\u0430-\\u0413\\u0440\\u0430\\u0444\\u0438\\u043a\", \"object\": \"ScheduleApplication object (1)\"}}, {\"added\": {\"name\": \"\\u0417\\u0430\\u044f\\u0432\\u043a\\u0430-\\u0417\\u0430\\u0434\\u0430\\u0447\\u0430\\u0420\\u0435\\u043a\\u0440\\u0443\\u0442\\u0435\\u0440\\u0430\", \"object\": \"ExpectationsApplication object (1)\"}}, {\"added\": {\"name\": \"\\u0417\\u0430\\u044f\\u0432\\u043a\\u0430-\\u0417\\u0430\\u0434\\u0430\\u0447\\u0430\\u0420\\u0435\\u043a\\u0440\\u0443\\u0442\\u0435\\u0440\\u0430\", \"object\": \"ExpectationsApplication object (2)\"}}, {\"added\": {\"name\": \"\\u0417\\u0430\\u044f\\u0432\\u043a\\u0430-\\u0417\\u0430\\u0434\\u0430\\u0447\\u0430\\u0420\\u0435\\u043a\\u0440\\u0443\\u0442\\u0435\\u0440\\u0430\", \"object\": \"ExpectationsApplication object (3)\"}}]"}}, {"model": "admin.logentry", "pk": 38, "fields": {"action_time": "2024-03-23T02:08:25.484Z", "user": 1, "content_type": 9, "object_id": "1", "object_repr": "девопс", "action_flag": 2, "change_message": "[{\"added\": {\"name\": \"\\u0417\\u0430\\u044f\\u0432\\u043a\\u0430-\\u042f\\u0437\\u044b\\u043a\", \"object\": \"LanguageApplication object (2)\"}}, {\"added\": {\"name\": \"\\u0417\\u0430\\u044f\\u0432\\u043a\\u0430-\\u0413\\u0440\\u0430\\u0444\\u0438\\u043a\", \"object\": \"ScheduleApplication object (2)\"}}]"}}, {"model": "admin.logentry", "pk": 39, "fields": {"action_time": "2024-03-23T02:18:08.602Z", "user": 1, "content_type": 21, "object_id": "6", "object_repr": "пилить", "action_flag": 1, "change_message": "[{\"added\": {}}]"}}, {"model": "admin.logentry", "pk": 40, "fields": {"action_time": "2024-03-23T02:18:14.971Z", "user": 1, "content_type": 21, "object_id": "7", "object_repr": "колотить", "action_flag": 1, "change_message": "[{\"added\": {}}]"}}, {"model": "admin.logentry", "pk": 41, "fields": {"action_time": "2024-03-23T02:19:10.668Z", "user": 1, "content_type": 9, "object_id": "2", "object_repr": "слесарь", "action_flag": 1, "change_message": "[{\"added\": {}}, {\"added\": {\"name\": \"\\u0417\\u0430\\u044f\\u0432\\u043a\\u0430-\\u041d\\u0430\\u0432\\u044b\\u043a\", \"object\": \"SkillApplication object (6)\"}}, {\"added\": {\"name\": \"\\u0417\\u0430\\u044f\\u0432\\u043a\\u0430-\\u041d\\u0430\\u0432\\u044b\\u043a\", \"object\": \"SkillApplication object (7)\"}}, {\"added\": {\"name\": \"\\u0417\\u0430\\u044f\\u0432\\u043a\\u0430-\\u041e\\u0444\\u043e\\u0440\\u043c\\u043b\\u0435\\u043d\\u0438\\u0435\", \"object\": \"RegistrationApplication object (3)\"}}, {\"added\": {\"name\": \"\\u0417\\u0430\\u044f\\u0432\\u043a\\u0430-\\u0422\\u0438\\u043f\\u0417\\u0430\\u043d\\u044f\\u0442\\u043e\\u0441\\u0442\\u0438\", \"object\": \"OccupationApplication object (3)\"}}, {\"added\": {\"name\": \"\\u0417\\u0430\\u044f\\u0432\\u043a\\u0430-\\u0422\\u0438\\u043f\\u0417\\u0430\\u043d\\u044f\\u0442\\u043e\\u0441\\u0442\\u0438\", \"object\": \"OccupationApplication object (4)\"}}, {\"added\": {\"name\": \"\\u0417\\u0430\\u044f\\u0432\\u043a\\u0430-\\u0413\\u0440\\u0430\\u0444\\u0438\\u043a\", \"object\": \"ScheduleApplication object (3)\"}}, {\"added\": {\"name\": \"\\u0417\\u0430\\u044f\\u0432\\u043a\\u0430-\\u0417\\u0430\\u0434\\u0430\\u0447\\u0430\\u0420\\u0435\\u043a\\u0440\\u0443\\u0442\\u0435\\u0440\\u0430\", \"object\": \"ExpectationsApplication object (4)\"}}, {\"added\": {\"name\": \"\\u0417\\u0430\\u044f\\u0432\\u043a\\u0430-\\u0417\\u0430\\u0434\\u0430\\u0447\\u0430\\u0420\\u0435\\u043a\\u0440\\u0443\\u0442\\u0435\\u0440\\u0430\", \"object\": \"ExpectationsApplication object (5)\"}}]"}}, {"model": "admin.logentry", "pk": 42, "fields": {"action_time": "2024-03-23T13:45:22.777Z", "user": 1, "content_type": 23, "object_id": "5", "object_repr": "Москва", "action_flag": 1, "change_message": "[{\"added\": {}}]"}}, {"model": "admin.logentry", "pk": 43, "fields": {"action_time": "2024-03-23T13:45:30.437Z", "user": 1, "content_type": 23, "object_id": "6", "object_repr": "Санкт-Петербург", "action_flag": 1, "change_message": "[{\"added\": {}}]"}}, {"model": "admin.logentry", "pk": 44, "fields": {"action_time": "2024-03-23T13:45:38.122Z", "user": 1, "content_type": 23, "object_id": "7", "object_repr": "Екатеринбург", "action_flag": 1, "change_message": "[{\"added\": {}}]"}}, {"model": "admin.logentry", "pk": 45, "fields": {"action_time": "2024-03-23T13:45:53.271Z", "user": 1, "content_type": 23, "object_id": "8", "object_repr": "Минск", "action_flag": 1, "change_message": "[{\"added\": {}}]"}}, {"model": "admin.logentry", "pk": 46, "fields": {"action_time": "2024-03-23T13:45:58.156Z", "user": 1, "content_type": 23, "object_id": "9", "object_repr": "Краснодар", "action_flag": 1, "change_message": "[{\"added\": {}}]"}}, {"model": "admin.logentry", "pk": 47, "fields": {"action_time": "2024-03-23T13:46:03.100Z", "user": 1, "content_type": 23, "object_id": "10", "object_repr": "Чебоксары", "action_flag": 1, "change_message": "[{\"added\": {}}]"}}, {"model": "admin.logentry", "pk": 48, "fields": {"action_time": "2024-03-23T13:46:07.598Z", "user": 1, "content_type": 23, "object_id": "11", "object_repr": "Сочи", "action_flag": 1, "change_message": "[{\"added\": {}}]"}}, {"model": "admin.logentry", "pk": 49, "fields": {"action_time": "2024-03-23T13:47:22.757Z", "user": 1, "content_type": 10, "object_id": "3", "object_repr": "Высшее (магистр)", "action_flag": 1, "change_message": "[{\"added\": {}}]"}}, {"model": "admin.logentry", "pk": 50, "fields": {"action_time": "2024-03-23T13:47:40.024Z", "user": 1, "content_type": 10, "object_id": "2", "object_repr": "Высшее (бакалавр", "action_flag": 2, "change_message": "[{\"changed\": {\"fields\": [\"\\u041d\\u0430\\u0437\\u0432\\u0430\\u043d\\u0438\\u0435\"]}}]"}}, {"model": "admin.logentry", "pk": 51, "fields": {"action_time": "2024-03-23T13:47:47.291Z", "user": 1, "content_type": 10, "object_id": "2", "object_repr": "Высшее (бакалавр)", "action_flag": 2, "change_message": "[{\"changed\": {\"fields\": [\"\\u041d\\u0430\\u0437\\u0432\\u0430\\u043d\\u0438\\u0435\"]}}]"}}, {"model": "admin.logentry", "pk": 52, "fields": {"action_time": "2024-03-23T13:48:00.244Z", "user": 1, "content_type": 10, "object_id": "1", "object_repr": "Среднее (общее)", "action_flag": 2, "change_message": "[{\"changed\": {\"fields\": [\"\\u041d\\u0430\\u0437\\u0432\\u0430\\u043d\\u0438\\u0435\"]}}]"}}, {"model": "admin.logentry", "pk": 53, "fields": {"action_time": "2024-03-23T13:48:09.265Z", "user": 1, "content_type": 10, "object_id": "4", "object_repr": "Среднее (специальное)", "action_flag": 1, "change_message": "[{\"added\": {}}]"}}, {"model": "admin.logentry", "pk": 54, "fields": {"action_time": "2024-03-23T13:48:37.413Z", "user": 1, "content_type": 20, "object_id": "3", "object_repr": "Частичная занятость", "action_flag": 2, "change_message": "[{\"changed\": {\"fields\": [\"\\u041d\\u0430\\u0437\\u0432\\u0430\\u043d\\u0438\\u0435\"]}}]"}}, {"model": "admin.logentry", "pk": 55, "fields": {"action_time": "2024-03-23T13:48:47.977Z", "user": 1, "content_type": 20, "object_id": "2", "object_repr": "Гибкий график", "action_flag": 2, "change_message": "[{\"changed\": {\"fields\": [\"\\u041d\\u0430\\u0437\\u0432\\u0430\\u043d\\u0438\\u0435\"]}}]"}}, {"model": "admin.logentry", "pk": 56, "fields": {"action_time": "2024-03-23T13:48:57.583Z", "user": 1, "content_type": 20, "object_id": "1", "object_repr": "Полный день", "action_flag": 2, "change_message": "[{\"changed\": {\"fields\": [\"\\u041d\\u0430\\u0437\\u0432\\u0430\\u043d\\u0438\\u0435\"]}}]"}}, {"model": "admin.logentry", "pk": 57, "fields": {"action_time": "2024-03-23T13:58:53.375Z", "user": 1, "content_type": 24, "object_id": "3", "object_repr": "Разработчик бэкенд", "action_flag": 1, "change_message": "[{\"added\": {}}]"}}, {"model": "admin.logentry", "pk": 58, "fields": {"action_time": "2024-03-23T13:59:01.114Z", "user": 1, "content_type": 24, "object_id": "4", "object_repr": "Разработчик фронтенд", "action_flag": 1, "change_message": "[{\"added\": {}}]"}}, {"model": "admin.logentry", "pk": 59, "fields": {"action_time": "2024-03-23T13:59:07.601Z", "user": 1, "content_type": 24, "object_id": "5", "object_repr": "Дизайнер", "action_flag": 1, "change_message": "[{\"added\": {}}]"}}, {"model": "admin.logentry", "pk": 60, "fields": {"action_time": "2024-03-23T13:59:15.746Z", "user": 1, "content_type": 24, "object_id": "6", "object_repr": "Дворник", "action_flag": 1, "change_message": "[{\"added\": {}}]"}}, {"model": "admin.logentry", "pk": 61, "fields": {"action_time": "2024-03-23T13:59:21.325Z", "user": 1, "content_type": 24, "object_id": "7", "object_repr": "Курьер", "action_flag": 1, "change_message": "[{\"added\": {}}]"}}, {"model": "admin.logentry", "pk": 62, "fields": {"action_time": "2024-03-23T14:01:21.943Z", "user": 1, "content_type": 16, "object_id": "1", "object_repr": "100% за выход сотрудника", "action_flag": 2, "change_message": "[{\"changed\": {\"fields\": [\"\\u041d\\u0430\\u0437\\u0432\\u0430\\u043d\\u0438\\u0435\"]}}]"}}, {"model": "admin.logentry", "pk": 63, "fields": {"action_time": "2024-03-23T14:01:41.884Z", "user": 1, "content_type": 16, "object_id": "2", "object_repr": "100% по окончании гарантийного периода (1 месяц)", "action_flag": 2, "change_message": "[{\"changed\": {\"fields\": [\"\\u041d\\u0430\\u0437\\u0432\\u0430\\u043d\\u0438\\u0435\"]}}]"}}, {"model": "admin.logentry", "pk": 64, "fields": {"action_time": "2024-03-23T14:02:06.027Z", "user": 1, "content_type": 16, "object_id": "3", "object_repr": "50% за выход + 50% по окончании гарантийного периода (1 месяц)", "action_flag": 1, "change_message": "[{\"added\": {}}]"}}, {"model": "admin.logentry", "pk": 65, "fields": {"action_time": "2024-03-23T14:03:22.375Z", "user": 1, "content_type": 11, "object_id": "3", "object_repr": "Поиск и предоставление релевантных резюме", "action_flag": 2, "change_message": "[{\"changed\": {\"fields\": [\"\\u041d\\u0430\\u0437\\u0432\\u0430\\u043d\\u0438\\u0435\"]}}]"}}, {"model": "admin.logentry", "pk": 66, "fields": {"action_time": "2024-03-23T14:03:52.709Z", "user": 1, "content_type": 11, "object_id": "1", "object_repr": "Организация собеседований с заказчиком, синхронизация по времени соискателя и заказчика", "action_flag": 2, "change_message": "[{\"changed\": {\"fields\": [\"\\u041d\\u0430\\u0437\\u0432\\u0430\\u043d\\u0438\\u0435\"]}}]"}}, {"model": "admin.logentry", "pk": 67, "fields": {"action_time": "2024-03-23T14:04:12.919Z", "user": 1, "content_type": 11, "object_id": "2", "object_repr": "Запрос рекомендация с предыдущих мест работы", "action_flag": 2, "change_message": "[{\"changed\": {\"fields\": [\"\\u041d\\u0430\\u0437\\u0432\\u0430\\u043d\\u0438\\u0435\"]}}]"}}, {"model": "admin.logentry", "pk": 68, "fields": {"action_time": "2024-03-23T14:04:25.731Z", "user": 1, "content_type": 11, "object_id": "4", "object_repr": "Отправка кандидату тестового задания", "action_flag": 1, "change_message": "[{\"added\": {}}]"}}, {"model": "admin.logentry", "pk": 69, "fields": {"action_time": "2024-03-23T14:04:45.232Z", "user": 1, "content_type": 11, "object_id": "5", "object_repr": "Отправка кандидату анкеты службы безопасности Вашей компании", "action_flag": 1, "change_message": "[{\"added\": {}}]"}}, {"model": "admin.logentry", "pk": 70, "fields": {"action_time": "2024-03-23T14:04:57.385Z", "user": 1, "content_type": 11, "object_id": "6", "object_repr": "Отправка финалисту приглашения на работу", "action_flag": 1, "change_message": "[{\"added\": {}}]"}}, {"model": "admin.logentry", "pk": 71, "fields": {"action_time": "2024-03-23T19:47:41.457Z", "user": 1, "content_type": 18, "object_id": "1", "object_repr": "50", "action_flag": 1, "change_message": "[{\"added\": {}}]"}}, {"model": "admin.logentry", "pk": 72, "fields": {"action_time": "2024-03-23T19:47:46.832Z", "user": 1, "content_type": 19, "object_id": "1", "object_repr": "SalaryrecomendTown object (1)", "action_flag": 1, "change_message": "[{\"added\": {}}]"}}, {"model": "admin.logentry", "pk": 73, "fields": {"action_time": "2024-03-23T19:48:03.935Z", "user": 1, "content_type": 18, "object_id": "2", "object_repr": "100000", "action_flag": 1, "change_message": "[{\"added\": {}}]"}}, {"model": "admin.logentry", "pk": 74, "fields": {"action_time": "2024-03-23T19:48:19.708Z", "user": 1, "content_type": 18, "object_id": "1", "object_repr": "50000", "action_flag": 2, "change_message": "[{\"changed\": {\"fields\": [\"\\u0420\\u0435\\u043a\\u043e\\u043c\\u0435\\u043d\\u0434\\u0443\\u0435\\u043c\\u0430\\u044f \\u0437\\u0430\\u0440\\u043f\\u043b\\u0430\\u0442\\u0430\"]}}]"}}, {"model": "admin.logentry", "pk": 75, "fields": {"action_time": "2024-03-23T19:48:22.527Z", "user": 1, "content_type": 19, "object_id": "2", "object_repr": "SalaryrecomendTown object (2)", "action_flag": 1, "change_message": "[{\"added\": {}}]"}}, {"model": "admin.logentry", "pk": 76, "fields": {"action_time": "2024-03-23T19:48:42.556Z", "user": 1, "content_type": 18, "object_id": "3", "object_repr": "120000", "action_flag": 1, "change_message": "[{\"added\": {}}]"}}, {"model": "admin.logentry", "pk": 77, "fields": {"action_time": "2024-03-23T19:48:45.698Z", "user": 1, "content_type": 19, "object_id": "3", "object_repr": "SalaryrecomendTown object (3)", "action_flag": 1, "change_message": "[{\"added\": {}}]"}}, {"model": "admin.logentry", "pk": 78, "fields": {"action_time": "2024-03-23T19:49:04.551Z", "user": 1, "content_type": 18, "object_id": "4", "object_repr": "100000", "action_flag": 1, "change_message": "[{\"added\": {}}]"}}, {"model": "admin.logentry", "pk": 79, "fields": {"action_time": "2024-03-23T19:49:06.786Z", "user": 1, "content_type": 19, "object_id": "4", "object_repr": "SalaryrecomendTown object (4)", "action_flag": 1, "change_message": "[{\"added\": {}}]"}}, {"model": "admin.logentry", "pk": 80, "fields": {"action_time": "2024-03-23T19:49:26.880Z", "user": 1, "content_type": 18, "object_id": "5", "object_repr": "70000", "action_flag": 1, "change_message": "[{\"added\": {}}]"}}, {"model": "admin.logentry", "pk": 81, "fields": {"action_time": "2024-03-23T19:49:29.140Z", "user": 1, "content_type": 19, "object_id": "5", "object_repr": "SalaryrecomendTown object (5)", "action_flag": 1, "change_message": "[{\"added\": {}}]"}}, {"model": "admin.logentry", "pk": 82, "fields": {"action_time": "2024-03-23T19:50:04.122Z", "user": 1, "content_type": 18, "object_id": "6", "object_repr": "90000", "action_flag": 1, "change_message": "[{\"added\": {}}]"}}, {"model": "admin.logentry", "pk": 83, "fields": {"action_time": "2024-03-23T19:50:08.455Z", "user": 1, "content_type": 19, "object_id": "6", "object_repr": "SalaryrecomendTown object (6)", "action_flag": 1, "change_message": "[{\"added\": {}}]"}}, {"model": "admin.logentry", "pk": 84, "fields": {"action_time": "2024-03-23T21:09:20.994Z", "user": 1, "content_type": 13, "object_id": "2", "object_repr": "Японский", "action_flag": 2, "change_message": "[{\"changed\": {\"fields\": [\"\\u041d\\u0430\\u0437\\u0432\\u0430\\u043d\\u0438\\u0435\"]}}]"}}, {"model": "admin.logentry", "pk": 85, "fields": {"action_time": "2024-03-23T21:09:29.946Z", "user": 1, "content_type": 13, "object_id": "1", "object_repr": "Английский", "action_flag": 2, "change_message": "[{\"changed\": {\"fields\": [\"\\u041d\\u0430\\u0437\\u0432\\u0430\\u043d\\u0438\\u0435\"]}}]"}}, {"model": "admin.logentry", "pk": 86, "fields": {"action_time": "2024-03-23T21:09:35.660Z", "user": 1, "content_type": 13, "object_id": "3", "object_repr": "Китайский", "action_flag": 1, "change_message": "[{\"added\": {}}]"}}, {"model": "admin.logentry", "pk": 87, "fields": {"action_time": "2024-03-23T21:12:49.116Z", "user": 1, "content_type": 15, "object_id": "2", "object_repr": "Гибрид", "action_flag": 2, "change_message": "[{\"changed\": {\"fields\": [\"\\u041d\\u0430\\u0437\\u0432\\u0430\\u043d\\u0438\\u0435\"]}}]"}}, {"model": "admin.logentry", "pk": 88, "fields": {"action_time": "2024-03-23T21:12:59.346Z", "user": 1, "content_type": 15, "object_id": "1", "object_repr": "Удаленная работа", "action_flag": 2, "change_message": "[{\"changed\": {\"fields\": [\"\\u041d\\u0430\\u0437\\u0432\\u0430\\u043d\\u0438\\u0435\"]}}]"}}, {"model": "admin.logentry", "pk": 89, "fields": {"action_time": "2024-03-23T21:13:06.506Z", "user": 1, "content_type": 15, "object_id": "3", "object_repr": "Работа в офисе", "action_flag": 1, "change_message": "[{\"added\": {}}]"}}, {"model": "admin.logentry", "pk": 90, "fields": {"action_time": "2024-03-23T21:13:50.026Z", "user": 1, "content_type": 12, "object_id": "3", "object_repr": "более 6 лет", "action_flag": 2, "change_message": "[{\"changed\": {\"fields\": [\"\\u041d\\u0430\\u0437\\u0432\\u0430\\u043d\\u0438\\u0435\"]}}]"}}, {"model": "admin.logentry", "pk": 91, "fields": {"action_time": "2024-03-23T21:13:57.599Z", "user": 1, "content_type": 12, "object_id": "4", "object_repr": "от 3 до 6 лет", "action_flag": 1, "change_message": "[{\"added\": {}}]"}}, {"model": "admin.logentry", "pk": 92, "fields": {"action_time": "2024-03-23T22:55:04.877Z", "user": 1, "content_type": 11, "object_id": "1", "object_repr": "Организация собеседований с заказчиком, синхронизация по времени", "action_flag": 2, "change_message": "[{\"changed\": {\"fields\": [\"\\u041d\\u0430\\u0437\\u0432\\u0430\\u043d\\u0438\\u0435\"]}}]"}}, {"model": "admin.logentry", "pk": 93, "fields": {"action_time": "2024-03-23T22:55:12.621Z", "user": 1, "content_type": 9, "object_id": "3", "object_repr": "девопс", "action_flag": 2, "change_message": "[{\"added\": {\"name\": \"\\u0417\\u0430\\u044f\\u0432\\u043a\\u0430-\\u0417\\u0430\\u0434\\u0430\\u0447\\u0430\\u0420\\u0435\\u043a\\u0440\\u0443\\u0442\\u0435\\u0440\\u0430\", \"object\": \"ExpectationsApplication object (6)\"}}]"}}, {"model": "admin.logentry", "pk": 94, "fields": {"action_time": "2024-03-23T22:58:24.383Z", "user": 1, "content_type": 17, "object_id": "1", "object_repr": "ТК РФ", "action_flag": 2, "change_message": "[{\"changed\": {\"fields\": [\"\\u041d\\u0430\\u0437\\u0432\\u0430\\u043d\\u0438\\u0435\"]}}]"}}, {"model": "admin.logentry", "pk": 95, "fields": {"action_time": "2024-03-23T22:59:04.957Z", "user": 1, "content_type": 17, "object_id": "2", "object_repr": "ГПХ и по совместительству", "action_flag": 2, "change_message": "[{\"changed\": {\"fields\": [\"\\u041d\\u0430\\u0437\\u0432\\u0430\\u043d\\u0438\\u0435\"]}}]"}}, {"model": "admin.logentry", "pk": 96, "fields": {"action_time": "2024-03-23T22:59:35.979Z", "user": 1, "content_type": 9, "object_id": "3", "object_repr": "девопс", "action_flag": 2, "change_message": "[{\"added\": {\"name\": \"\\u0417\\u0430\\u044f\\u0432\\u043a\\u0430-\\u041e\\u0444\\u043e\\u0440\\u043c\\u043b\\u0435\\u043d\\u0438\\u0435\", \"object\": \"RegistrationApplication object (4)\"}}, {\"added\": {\"name\": \"\\u0417\\u0430\\u044f\\u0432\\u043a\\u0430-\\u041e\\u0444\\u043e\\u0440\\u043c\\u043b\\u0435\\u043d\\u0438\\u0435\", \"object\": \"RegistrationApplication object (5)\"}}]"}}, {"model": "admin.logentry", "pk": 97, "fields": {"action_time": "2024-03-24T11:15:47.560Z", "user": 1, "content_type": 13, "object_id": "4", "object_repr": "Французский", "action_flag": 1, "change_message": "[{\"added\": {}}]"}}, {"model": "admin.logentry", "pk": 98, "fields": {"action_time": "2024-03-24T11:15:55.115Z", "user": 1, "content_type": 13, "object_id": "5", "object_repr": "Немецкий", "action_flag": 1, "change_message": "[{\"added\": {}}]"}}, {"model": "admin.logentry", "pk": 99, "fields": {"action_time": "2024-03-24T11:16:00.135Z", "user": 1, "content_type": 13, "object_id": "6", "object_repr": "Польский", "action_flag": 1, "change_message": "[{\"added\": {}}]"}}, {"model": "admin.logentry", "pk": 100, "fields": {"action_time": "2024-03-24T11:16:04.692Z", "user": 1, "content_type": 13, "object_id": "7", "object_repr": "Чешский", "action_flag": 1, "change_message": "[{\"added\": {}}]"}}, {"model": "admin.logentry", "pk": 101, "fields": {"action_time": "2024-03-24T11:16:12.924Z", "user": 1, "content_type": 13, "object_id": "8", "object_repr": "Испанский", "action_flag": 1, "change_message": "[{\"added\": {}}]"}}, {"model": "admin.logentry", "pk": 102, "fields": {"action_time": "2024-03-24T14:33:58.537Z", "user": 1, "content_type": 13, "object_id": "9", "object_repr": "Велийский", "action_flag": 1, "change_message": "[{\"added\": {}}]"}}, {"model": "admin.logentry", "pk": 103, "fields": {"action_time": "2024-03-24T17:41:58.902Z", "user": 1, "content_type": 24, "object_id": "2", "object_repr": "Слесарь", "action_flag": 2, "change_message": "[{\"changed\": {\"fields\": [\"\\u041d\\u0430\\u0437\\u0432\\u0430\\u043d\\u0438\\u0435\"]}}]"}}, {"model": "admin.logentry", "pk": 104, "fields": {"action_time": "2024-03-24T17:42:05.549Z", "user": 1, "content_type": 24, "object_id": "1", "object_repr": "Девопс", "action_flag": 2, "change_message": "[{\"changed\": {\"fields\": [\"\\u041d\\u0430\\u0437\\u0432\\u0430\\u043d\\u0438\\u0435\"]}}]"}}, {"model": "admin.logentry", "pk": 105, "fields": {"action_time": "2024-03-24T17:42:12.465Z", "user": 1, "content_type": 24, "object_id": "8", "object_repr": "Сантехник", "action_flag": 1, "change_message": "[{\"added\": {}}]"}}, {"model": "admin.logentry", "pk": 106, "fields": {"action_time": "2024-03-24T17:42:31.029Z", "user": 1, "content_type": 18, "object_id": "7", "object_repr": "30000", "action_flag": 1, "change_message": "[{\"added\": {}}]"}}, {"model": "admin.logentry", "pk": 107, "fields": {"action_time": "2024-03-24T17:42:56.315Z", "user": 1, "content_type": 24, "object_id": "9", "object_repr": "Дегустатор", "action_flag": 1, "change_message": "[{\"added\": {}}]"}}, {"model": "admin.logentry", "pk": 108, "fields": {"action_time": "2024-03-24T17:44:55.932Z", "user": 1, "content_type": 12, "object_id": "4", "object_repr": "3-6 лет", "action_flag": 2, "change_message": "[{\"changed\": {\"fields\": [\"\\u041d\\u0430\\u0437\\u0432\\u0430\\u043d\\u0438\\u0435\"]}}]"}}, {"model": "admin.logentry", "pk": 109, "fields": {"action_time": "2024-03-24T17:45:12.713Z", "user": 1, "content_type": 12, "object_id": "2", "object_repr": "Нет опыта", "action_flag": 2, "change_message": "[{\"changed\": {\"fields\": [\"\\u041d\\u0430\\u0437\\u0432\\u0430\\u043d\\u0438\\u0435\"]}}]"}}, {"model": "admin.logentry", "pk": 110, "fields": {"action_time": "2024-03-24T17:45:21.710Z", "user": 1, "content_type": 12, "object_id": "5", "object_repr": "Неважно", "action_flag": 1, "change_message": "[{\"added\": {}}]"}}, {"model": "admin.logentry", "pk": 111, "fields": {"action_time": "2024-03-24T17:45:46.742Z", "user": 1, "content_type": 10, "object_id": "5", "object_repr": "Без образования", "action_flag": 1, "change_message": "[{\"added\": {}}]"}}, {"model": "admin.logentry", "pk": 112, "fields": {"action_time": "2024-03-24T17:46:30.247Z", "user": 1, "content_type": 10, "object_id": "1", "object_repr": "Среднее", "action_flag": 2, "change_message": "[{\"changed\": {\"fields\": [\"\\u041d\\u0430\\u0437\\u0432\\u0430\\u043d\\u0438\\u0435\"]}}]"}}, {"model": "admin.logentry", "pk": 113, "fields": {"action_time": "2024-03-24T17:46:38.227Z", "user": 1, "content_type": 10, "object_id": "4", "object_repr": "Среднее специальное", "action_flag": 2, "change_message": "[{\"changed\": {\"fields\": [\"\\u041d\\u0430\\u0437\\u0432\\u0430\\u043d\\u0438\\u0435\"]}}]"}}, {"model": "admin.logentry", "pk": 114, "fields": {"action_time": "2024-03-24T17:47:10.168Z", "user": 1, "content_type": 21, "object_id": "8", "object_repr": "JTBD", "action_flag": 1, "change_message": "[{\"added\": {}}]"}}, {"model": "admin.logentry", "pk": 115, "fields": {"action_time": "2024-03-24T17:47:16.759Z", "user": 1, "content_type": 21, "object_id": "9", "object_repr": "CJM", "action_flag": 1, "change_message": "[{\"added\": {}}]"}}, {"model": "admin.logentry", "pk": 116, "fields": {"action_time": "2024-03-24T17:47:21.274Z", "user": 1, "content_type": 21, "object_id": "10", "object_repr": "Figma", "action_flag": 1, "change_message": "[{\"added\": {}}]"}}, {"model": "admin.logentry", "pk": 117, "fields": {"action_time": "2024-03-24T17:47:31.609Z", "user": 1, "content_type": 21, "object_id": "11", "object_repr": "Wireframe", "action_flag": 1, "change_message": "[{\"added\": {}}]"}}, {"model": "admin.logentry", "pk": 118, "fields": {"action_time": "2024-03-24T17:47:38.403Z", "user": 1, "content_type": 21, "object_id": "12", "object_repr": "Интервью", "action_flag": 1, "change_message": "[{\"added\": {}}]"}}, {"model": "admin.logentry", "pk": 119, "fields": {"action_time": "2024-03-24T17:47:45.610Z", "user": 1, "content_type": 21, "object_id": "13", "object_repr": "Исследования", "action_flag": 1, "change_message": "[{\"added\": {}}]"}}, {"model": "admin.logentry", "pk": 120, "fields": {"action_time": "2024-03-24T17:49:57.783Z", "user": 1, "content_type": 20, "object_id": "1", "object_repr": "Полная занятость", "action_flag": 2, "change_message": "[{\"changed\": {\"fields\": [\"\\u041d\\u0430\\u0437\\u0432\\u0430\\u043d\\u0438\\u0435\"]}}]"}}, {"model": "admin.logentry", "pk": 121, "fields": {"action_time": "2024-03-24T17:50:15.100Z", "user": 1, "content_type": 20, "object_id": "2", "object_repr": "Проектная работа", "action_flag": 2, "change_message": "[{\"changed\": {\"fields\": [\"\\u041d\\u0430\\u0437\\u0432\\u0430\\u043d\\u0438\\u0435\"]}}]"}}, {"model": "admin.logentry", "pk": 122, "fields": {"action_time": "2024-03-24T17:50:20.677Z", "user": 1, "content_type": 20, "object_id": "4", "object_repr": "Стажировка", "action_flag": 1, "change_message": "[{\"added\": {}}]"}}, {"model": "admin.logentry", "pk": 123, "fields": {"action_time": "2024-03-24T17:50:27.993Z", "user": 1, "content_type": 20, "object_id": "5", "object_repr": "Волонтерство", "action_flag": 1, "change_message": "[{\"added\": {}}]"}}, {"model": "admin.logentry", "pk": 124, "fields": {"action_time": "2024-03-24T17:51:00.602Z", "user": 1, "content_type": 20, "object_id": "1", "object_repr": "Полный день", "action_flag": 2, "change_message": "[{\"changed\": {\"fields\": [\"\\u041d\\u0430\\u0437\\u0432\\u0430\\u043d\\u0438\\u0435\"]}}]"}}, {"model": "admin.logentry", "pk": 125, "fields": {"action_time": "2024-03-24T17:51:12.389Z", "user": 1, "content_type": 20, "object_id": "2", "object_repr": "Удаленная работа", "action_flag": 2, "change_message": "[{\"changed\": {\"fields\": [\"\\u041d\\u0430\\u0437\\u0432\\u0430\\u043d\\u0438\\u0435\"]}}]"}}, {"model": "admin.logentry", "pk": 126, "fields": {"action_time": "2024-03-24T17:51:24.890Z", "user": 1, "content_type": 20, "object_id": "3", "object_repr": "Гибкий график", "action_flag": 2, "change_message": "[{\"changed\": {\"fields\": [\"\\u041d\\u0430\\u0437\\u0432\\u0430\\u043d\\u0438\\u0435\"]}}]"}}, {"model": "admin.logentry", "pk": 127, "fields": {"action_time": "2024-03-24T17:51:36.789Z", "user": 1, "content_type": 20, "object_id": "4", "object_repr": "Сменный график", "action_flag": 2, "change_message": "[{\"changed\": {\"fields\": [\"\\u041d\\u0430\\u0437\\u0432\\u0430\\u043d\\u0438\\u0435\"]}}]"}}, {"model": "admin.logentry", "pk": 128, "fields": {"action_time": "2024-03-24T17:51:50.139Z", "user": 1, "content_type": 20, "object_id": "5", "object_repr": "Вахтовый метод", "action_flag": 2, "change_message": "[{\"changed\": {\"fields\": [\"\\u041d\\u0430\\u0437\\u0432\\u0430\\u043d\\u0438\\u0435\"]}}]"}}, {"model": "admin.logentry", "pk": 129, "fields": {"action_time": "2024-03-24T17:52:19.783Z", "user": 1, "content_type": 15, "object_id": "3", "object_repr": "Полная занятость", "action_flag": 2, "change_message": "[{\"changed\": {\"fields\": [\"\\u041d\\u0430\\u0437\\u0432\\u0430\\u043d\\u0438\\u0435\"]}}]"}}, {"model": "admin.logentry", "pk": 130, "fields": {"action_time": "2024-03-24T17:52:33.921Z", "user": 1, "content_type": 15, "object_id": "2", "object_repr": "Частичная занятость", "action_flag": 2, "change_message": "[{\"changed\": {\"fields\": [\"\\u041d\\u0430\\u0437\\u0432\\u0430\\u043d\\u0438\\u0435\"]}}]"}}, {"model": "admin.logentry", "pk": 131, "fields": {"action_time": "2024-03-24T17:52:44.813Z", "user": 1, "content_type": 15, "object_id": "1", "object_repr": "Проектная работа", "action_flag": 2, "change_message": "[{\"changed\": {\"fields\": [\"\\u041d\\u0430\\u0437\\u0432\\u0430\\u043d\\u0438\\u0435\"]}}]"}}, {"model": "admin.logentry", "pk": 132, "fields": {"action_time": "2024-03-24T17:52:55.474Z", "user": 1, "content_type": 15, "object_id": "4", "object_repr": "Стажировка", "action_flag": 1, "change_message": "[{\"added\": {}}]"}}, {"model": "admin.logentry", "pk": 133, "fields": {"action_time": "2024-03-24T17:52:59.426Z", "user": 1, "content_type": 15, "object_id": "5", "object_repr": "Волонтерство", "action_flag": 1, "change_message": "[{\"added\": {}}]"}}, {"model": "admin.logentry", "pk": 134, "fields": {"action_time": "2024-03-24T17:55:14.043Z", "user": 1, "content_type": 11, "object_id": "2", "object_repr": "Запросит рекомендации с предыдущих мест работы", "action_flag": 2, "change_message": "[{\"changed\": {\"fields\": [\"\\u041d\\u0430\\u0437\\u0432\\u0430\\u043d\\u0438\\u0435\"]}}]"}}, {"model": "admin.logentry", "pk": 135, "fields": {"action_time": "2024-03-24T17:55:38.992Z", "user": 1, "content_type": 11, "object_id": "4", "object_repr": "Отправит кандидату тестовое задание", "action_flag": 2, "change_message": "[{\"changed\": {\"fields\": [\"\\u041d\\u0430\\u0437\\u0432\\u0430\\u043d\\u0438\\u0435\"]}}]"}}, {"model": "admin.logentry", "pk": 136, "fields": {"action_time": "2024-03-24T17:56:11.466Z", "user": 1, "content_type": 11, "object_id": "5", "object_repr": "Отправит кандидату анкету службы безопасности", "action_flag": 2, "change_message": "[{\"changed\": {\"fields\": [\"\\u041d\\u0430\\u0437\\u0432\\u0430\\u043d\\u0438\\u0435\"]}}]"}}, {"model": "admin.logentry", "pk": 137, "fields": {"action_time": "2024-03-24T17:56:31.786Z", "user": 1, "content_type": 11, "object_id": "6", "object_repr": "Отправит финалисту приглашение на работу", "action_flag": 2, "change_message": "[{\"changed\": {\"fields\": [\"\\u041d\\u0430\\u0437\\u0432\\u0430\\u043d\\u0438\\u0435\"]}}]"}}, {"model": "admin.logentry", "pk": 138, "fields": {"action_time": "2024-03-24T17:57:09.343Z", "user": 1, "content_type": 11, "object_id": "3", "object_repr": "Найдет и предоставит релевантное резюме", "action_flag": 2, "change_message": "[{\"changed\": {\"fields\": [\"\\u041d\\u0430\\u0437\\u0432\\u0430\\u043d\\u0438\\u0435\"]}}]"}}, {"model": "admin.logentry", "pk": 139, "fields": {"action_time": "2024-03-24T17:57:57.400Z", "user": 1, "content_type": 11, "object_id": "1", "object_repr": "Проведет с кандидатом интервью", "action_flag": 2, "change_message": "[{\"changed\": {\"fields\": [\"\\u041d\\u0430\\u0437\\u0432\\u0430\\u043d\\u0438\\u0435\"]}}]"}}, {"model": "admin.logentry", "pk": 140, "fields": {"action_time": "2024-03-24T17:58:15.112Z", "user": 1, "content_type": 11, "object_id": "7", "object_repr": "Организует собеседование с заказчиком", "action_flag": 1, "change_message": "[{\"added\": {}}]"}}, {"model": "admin.logentry", "pk": 141, "fields": {"action_time": "2024-03-24T17:59:13.477Z", "user": 1, "content_type": 16, "object_id": "1", "object_repr": "100% после выхода сотрудника", "action_flag": 2, "change_message": "[{\"changed\": {\"fields\": [\"\\u041d\\u0430\\u0437\\u0432\\u0430\\u043d\\u0438\\u0435\"]}}]"}}, {"model": "admin.logentry", "pk": 142, "fields": {"action_time": "2024-03-24T17:59:33.599Z", "user": 1, "content_type": 16, "object_id": "2", "object_repr": "100% после гарантийного срока", "action_flag": 2, "change_message": "[{\"changed\": {\"fields\": [\"\\u041d\\u0430\\u0437\\u0432\\u0430\\u043d\\u0438\\u0435\"]}}]"}}, {"model": "admin.logentry", "pk": 143, "fields": {"action_time": "2024-03-24T18:00:16.911Z", "user": 1, "content_type": 16, "object_id": "3", "object_repr": "50/50 после выхода сотрудника после гарантийного срока", "action_flag": 2, "change_message": "[{\"changed\": {\"fields\": [\"\\u041d\\u0430\\u0437\\u0432\\u0430\\u043d\\u0438\\u0435\"]}}]"}}, {"model": "admin.logentry", "pk": 144, "fields": {"action_time": "2024-03-24T19:22:04.228Z", "user": 1, "content_type": 10, "object_id": "3", "object_repr": "Высшее", "action_flag": 2, "change_message": "[{\"changed\": {\"fields\": [\"\\u041d\\u0430\\u0437\\u0432\\u0430\\u043d\\u0438\\u0435\"]}}]"}}, {"model": "admin.logentry", "pk": 145, "fields": {"action_time": "2024-03-24T19:22:23.649Z", "user": 1, "content_type": 10, "object_id": "3", "object_repr": "Высшее", "action_flag": 3, "change_message": ""}}, {"model": "admin.logentry", "pk": 146, "fields": {"action_time": "2024-03-24T19:22:31.052Z", "user": 1, "content_type": 10, "object_id": "2", "object_repr": "Высшее", "action_flag": 2, "change_message": "[{\"changed\": {\"fields\": [\"\\u041d\\u0430\\u0437\\u0432\\u0430\\u043d\\u0438\\u0435\"]}}]"}}, {"model": "admin.logentry", "pk": 147, "fields": {"action_time": "2024-03-25T09:53:21.219Z", "user": 1, "content_type": 9, "object_id": "3", "object_repr": "Девопс", "action_flag": 2, "change_message": "[]"}}, {"model": "admin.logentry", "pk": 148, "fields": {"action_time": "2024-03-25T10:31:04.359Z", "user": 1, "content_type": 16, "object_id": "3", "object_repr": "50/50 после выхода сотрудника после гарантийного срока", "action_flag": 3, "change_message": ""}}, {"model": "admin.logentry", "pk": 149, "fields": {"action_time": "2024-03-25T10:33:24.278Z", "user": 1, "content_type": 16, "object_id": "4", "object_repr": "50/50 после выхода сотрудника после гарантийного срока", "action_flag": 1, "change_message": "[{\"added\": {}}]"}}, {"model": "admin.logentry", "pk": 150, "fields": {"action_time": "2024-03-25T10:38:02.883Z", "user": 1, "content_type": 23, "object_id": "6", "object_repr": "Санкт-Петербург", "action_flag": 3, "change_message": ""}}, {"model": "admin.logentry", "pk": 151, "fields": {"action_time": "2024-03-25T10:42:51.549Z", "user": 1, "content_type": 23, "object_id": "12", "object_repr": "С.-Петербург", "action_flag": 1, "change_message": "[{\"added\": {}}]"}}, {"model": "admin.logentry", "pk": 152, "fields": {"action_time": "2024-03-25T10:51:59.487Z", "user": 1, "content_type": 16, "object_id": "2", "object_repr": "50/50 после выхода сотрудника после гарантийного срока/", "action_flag": 2, "change_message": "[{\"changed\": {\"fields\": [\"\\u041d\\u0430\\u0437\\u0432\\u0430\\u043d\\u0438\\u0435\"]}}]"}}, {"model": "admin.logentry", "pk": 153, "fields": {"action_time": "2024-03-25T10:52:05.898Z", "user": 1, "content_type": 16, "object_id": "4", "object_repr": "100% после гарантийного срока", "action_flag": 2, "change_message": "[{\"changed\": {\"fields\": [\"\\u041d\\u0430\\u0437\\u0432\\u0430\\u043d\\u0438\\u0435\"]}}]"}}, {"model": "admin.logentry", "pk": 154, "fields": {"action_time": "2024-03-25T10:52:12.220Z", "user": 1, "content_type": 16, "object_id": "2", "object_repr": "50/50 после выхода сотрудника после гарантийного срока", "action_flag": 2, "change_message": "[{\"changed\": {\"fields\": [\"\\u041d\\u0430\\u0437\\u0432\\u0430\\u043d\\u0438\\u0435\"]}}]"}}, {"model": "admin.logentry", "pk": 155, "fields": {"action_time": "2024-03-25T11:27:29.977Z", "user": 1, "content_type": 9, "object_id": "7", "object_repr": "Девопс", "action_flag": 2, "change_message": "[{\"changed\": {\"fields\": [\"\\u041e\\u0431\\u0440\\u0430\\u0437\\u043e\\u0432\\u0430\\u043d\\u0438\\u0435\"]}}]"}}, {"model": "admin.logentry", "pk": 156, "fields": {"action_time": "2024-03-25T11:27:46.756Z", "user": 1, "content_type": 9, "object_id": "6", "object_repr": "Девопс", "action_flag": 2, "change_message": "[{\"changed\": {\"fields\": [\"\\u041e\\u0431\\u0440\\u0430\\u0437\\u043e\\u0432\\u0430\\u043d\\u0438\\u0435\"]}}]"}}, {"model": "admin.logentry", "pk": 157, "fields": {"action_time": "2024-03-25T11:28:05.197Z", "user": 1, "content_type": 10, "object_id": "6", "object_repr": "Высшее (бакалавр)", "action_flag": 3, "change_message": ""}}, {"model": "admin.logentry", "pk": 158, "fields": {"action_time": "2024-03-25T11:45:07.837Z", "user": 1, "content_type": 23, "object_id": "12", "object_repr": "Санкт-Петербург", "action_flag": 2, "change_message": "[{\"changed\": {\"fields\": [\"\\u041d\\u0430\\u0437\\u0432\\u0430\\u043d\\u0438\\u0435\"]}}]"}}, {"model": "admin.logentry", "pk": 159, "fields": {"action_time": "2024-03-25T12:21:14.466Z", "user": 1, "content_type": 24, "object_id": "4", "object_repr": "Разработчик фронтенд", "action_flag": 3, "change_message": ""}}, {"model": "admin.logentry", "pk": 160, "fields": {"action_time": "2024-03-25T12:21:14.469Z", "user": 1, "content_type": 24, "object_id": "3", "object_repr": "Разработчик бэкенд", "action_flag": 3, "change_message": ""}}, {"model": "admin.logentry", "pk": 161, "fields": {"action_time": "2024-03-25T12:21:28.855Z", "user": 1, "content_type": 24, "object_id": "10", "object_repr": "Фронтендер", "action_flag": 1, "change_message": "[{\"added\": {}}]"}}, {"model": "admin.logentry", "pk": 162, "fields": {"action_time": "2024-03-25T12:21:32.193Z", "user": 1, "content_type": 24, "object_id": "10", "object_repr": "Фронтендер", "action_flag": 2, "change_message": "[]"}}, {"model": "admin.logentry", "pk": 163, "fields": {"action_time": "2024-03-25T12:21:44.896Z", "user": 1, "content_type": 24, "object_id": "11", "object_repr": "Бэкендер", "action_flag": 1, "change_message": "[{\"added\": {}}]"}}, {"model": "admin.logentry", "pk": 164, "fields": {"action_time": "2024-03-26T09:06:36.301Z", "user": 1, "content_type": 9, "object_id": "5", "object_repr": "Девопс", "action_flag": 3, "change_message": ""}}, {"model": "admin.logentry", "pk": 165, "fields": {"action_time": "2024-03-26T09:06:36.614Z", "user": 1, "content_type": 9, "object_id": "4", "object_repr": "Девопс", "action_flag": 3, "change_message": ""}}, {"model": "admin.logentry", "pk": 166, "fields": {"action_time": "2024-03-26T09:06:36.631Z", "user": 1, "content_type": 9, "object_id": "8", "object_repr": "Девопс", "action_flag": 3, "change_message": ""}}, {"model": "admin.logentry", "pk": 167, "fields": {"action_time": "2024-03-26T09:06:36.636Z", "user": 1, "content_type": 9, "object_id": "7", "object_repr": "Девопс", "action_flag": 3, "change_message": ""}}, {"model": "admin.logentry", "pk": 168, "fields": {"action_time": "2024-03-26T09:06:36.639Z", "user": 1, "content_type": 9, "object_id": "6", "object_repr": "Девопс", "action_flag": 3, "change_message": ""}}, {"model": "admin.logentry", "pk": 169, "fields": {"action_time": "2024-03-26T09:44:12.705Z", "user": 1, "content_type": 9, "object_id": "3", "object_repr": "Девопс", "action_flag": 3, "change_message": ""}}, {"model": "admin.logentry", "pk": 170, "fields": {"action_time": "2024-03-26T09:44:12.940Z", "user": 1, "content_type": 9, "object_id": "2", "object_repr": "Слесарь", "action_flag": 3, "change_message": ""}}, {"model": "admin.logentry", "pk": 171, "fields": {"action_time": "2024-03-26T09:44:12.943Z", "user": 1, "content_type": 9, "object_id": "1", "object_repr": "Девопс", "action_flag": 3, "change_message": ""}}, {"model": "admin.logentry", "pk": 172, "fields": {"action_time": "2024-03-26T09:53:31.799Z", "user": 1, "content_type": 9, "object_id": "10", "object_repr": "Дворник", "action_flag": 1, "change_message": "[{\"added\": {}}, {\"added\": {\"name\": \"\\u0417\\u0430\\u044f\\u0432\\u043a\\u0430-\\u041d\\u0430\\u0432\\u044b\\u043a\", \"object\": \"SkillApplication object (33)\"}}, {\"added\": {\"name\": \"\\u0417\\u0430\\u044f\\u0432\\u043a\\u0430-\\u041d\\u0430\\u0432\\u044b\\u043a\", \"object\": \"SkillApplication object (34)\"}}, {\"added\": {\"name\": \"\\u0417\\u0430\\u044f\\u0432\\u043a\\u0430-\\u042f\\u0437\\u044b\\u043a\", \"object\": \"LanguageApplication object (13)\"}}, {\"added\": {\"name\": \"\\u0417\\u0430\\u044f\\u0432\\u043a\\u0430-\\u041e\\u0444\\u043e\\u0440\\u043c\\u043b\\u0435\\u043d\\u0438\\u0435\", \"object\": \"RegistrationApplication object (16)\"}}, {\"added\": {\"name\": \"\\u0417\\u0430\\u044f\\u0432\\u043a\\u0430-\\u0422\\u0438\\u043f\\u0417\\u0430\\u043d\\u044f\\u0442\\u043e\\u0441\\u0442\\u0438\", \"object\": \"OccupationApplication object (15)\"}}, {\"added\": {\"name\": \"\\u0417\\u0430\\u044f\\u0432\\u043a\\u0430-\\u0413\\u0440\\u0430\\u0444\\u0438\\u043a\", \"object\": \"ScheduleApplication object (14)\"}}, {\"added\": {\"name\": \"\\u0417\\u0430\\u044f\\u0432\\u043a\\u0430-\\u0413\\u0440\\u0430\\u0444\\u0438\\u043a\", \"object\": \"ScheduleApplication object (15)\"}}, {\"added\": {\"name\": \"\\u0417\\u0430\\u044f\\u0432\\u043a\\u0430-\\u0417\\u0430\\u0434\\u0430\\u0447\\u0430\\u0420\\u0435\\u043a\\u0440\\u0443\\u0442\\u0435\\u0440\\u0430\", \"object\": \"ExpectationsApplication object (22)\"}}, {\"added\": {\"name\": \"\\u0417\\u0430\\u044f\\u0432\\u043a\\u0430-\\u0417\\u0430\\u0434\\u0430\\u0447\\u0430\\u0420\\u0435\\u043a\\u0440\\u0443\\u0442\\u0435\\u0440\\u0430\", \"object\": \"ExpectationsApplication object (23)\"}}]"}}, {"model": "admin.logentry", "pk": 173, "fields": {"action_time": "2024-03-26T10:13:58.015Z", "user": 1, "content_type": 9, "object_id": "10", "object_repr": "Дворник", "action_flag": 3, "change_message": ""}}, {"model": "admin.logentry", "pk": 174, "fields": {"action_time": "2024-03-26T10:35:50.009Z", "user": 1, "content_type": 9, "object_id": "16", "object_repr": "Сантехник", "action_flag": 2, "change_message": "[{\"changed\": {\"fields\": [\"\\u0421\\u043f\\u0435\\u0446\\u0438\\u0430\\u043b\\u044c\\u043d\\u043e\\u0441\\u0442\\u044c\", \"\\u0413\\u043e\\u0440\\u043e\\u0434\\u0430\"]}}]"}}, {"model": "admin.logentry", "pk": 175, "fields": {"action_time": "2024-03-26T10:36:00.766Z", "user": 1, "content_type": 9, "object_id": "15", "object_repr": "Слесарь", "action_flag": 2, "change_message": "[{\"changed\": {\"fields\": [\"\\u0421\\u043f\\u0435\\u0446\\u0438\\u0430\\u043b\\u044c\\u043d\\u043e\\u0441\\u0442\\u044c\"]}}]"}}, {"model": "admin.logentry", "pk": 176, "fields": {"action_time": "2024-03-26T10:54:34.567Z", "user": 1, "content_type": 22, "object_id": "1", "object_repr": "SkillSpecialization object (1)", "action_flag": 1, "change_message": "[{\"added\": {}}]"}}, {"model": "admin.logentry", "pk": 177, "fields": {"action_time": "2024-03-26T10:54:42.136Z", "user": 1, "content_type": 22, "object_id": "2", "object_repr": "SkillSpecialization object (2)", "action_flag": 1, "change_message": "[{\"added\": {}}]"}}, {"model": "admin.logentry", "pk": 178, "fields": {"action_time": "2024-03-26T10:55:12.039Z", "user": 1, "content_type": 19, "object_id": "7", "object_repr": "SalaryrecomendTown object (7)", "action_flag": 1, "change_message": "[{\"added\": {}}]"}}, {"model": "admin.logentry", "pk": 179, "fields": {"action_time": "2024-03-26T10:55:23.496Z", "user": 1, "content_type": 19, "object_id": "8", "object_repr": "SalaryrecomendTown object (8)", "action_flag": 1, "change_message": "[{\"added\": {}}]"}}, {"model": "admin.logentry", "pk": 180, "fields": {"action_time": "2024-03-26T10:58:33.179Z", "user": 1, "content_type": 21, "object_id": "14", "object_repr": "скорость", "action_flag": 1, "change_message": "[{\"added\": {}}]"}}, {"model": "admin.logentry", "pk": 181, "fields": {"action_time": "2024-03-26T10:58:34.496Z", "user": 1, "content_type": 22, "object_id": "3", "object_repr": "SkillSpecialization object (3)", "action_flag": 1, "change_message": "[{\"added\": {}}]"}}, {"model": "admin.logentry", "pk": 182, "fields": {"action_time": "2024-03-26T10:58:45.308Z", "user": 1, "content_type": 21, "object_id": "15", "object_repr": "аккуратность", "action_flag": 1, "change_message": "[{\"added\": {}}]"}}, {"model": "admin.logentry", "pk": 183, "fields": {"action_time": "2024-03-26T10:58:46.696Z", "user": 1, "content_type": 22, "object_id": "4", "object_repr": "SkillSpecialization object (4)", "action_flag": 1, "change_message": "[{\"added\": {}}]"}}, {"model": "admin.logentry", "pk": 184, "fields": {"action_time": "2024-03-26T10:59:08.335Z", "user": 1, "content_type": 22, "object_id": "1", "object_repr": "SkillSpecialization object (1)", "action_flag": 2, "change_message": "[{\"changed\": {\"fields\": [\"\\u0421\\u043f\\u0435\\u0446\\u0438\\u0430\\u043b\\u044c\\u043d\\u043e\\u0441\\u0442\\u044c\"]}}]"}}, {"model": "admin.logentry", "pk": 185, "fields": {"action_time": "2024-03-26T10:59:21.546Z", "user": 1, "content_type": 22, "object_id": "2", "object_repr": "SkillSpecialization object (2)", "action_flag": 2, "change_message": "[{\"changed\": {\"fields\": [\"\\u0421\\u043f\\u0435\\u0446\\u0438\\u0430\\u043b\\u044c\\u043d\\u043e\\u0441\\u0442\\u044c\"]}}]"}}, {"model": "admin.logentry", "pk": 186, "fields": {"action_time": "2024-03-26T11:16:51.579Z", "user": 1, "content_type": 19, "object_id": "9", "object_repr": "SalaryrecomendTown object (9)", "action_flag": 1, "change_message": "[{\"added\": {}}]"}}, {"model": "admin.logentry", "pk": 187, "fields": {"action_time": "2024-03-26T13:13:19.769Z", "user": 1, "content_type": 9, "object_id": "20", "object_repr": "Девопс", "action_flag": 3, "change_message": ""}}, {"model": "admin.logentry", "pk": 188, "fields": {"action_time": "2024-03-26T13:13:19.772Z", "user": 1, "content_type": 9, "object_id": "19", "object_repr": "Девопс", "action_flag": 3, "change_message": ""}}, {"model": "admin.logentry", "pk": 189, "fields": {"action_time": "2024-03-26T13:13:19.776Z", "user": 1, "content_type": 9, "object_id": "18", "object_repr": "Девопс", "action_flag": 3, "change_message": ""}}, {"model": "auth.permission", "pk": 1, "fields": {"name": "Can add log entry", "content_type": 1, "codename": "add_logentry"}}, {"model": "auth.permission", "pk": 2, "fields": {"name": "Can change log entry", "content_type": 1, "codename": "change_logentry"}}, {"model": "auth.permission", "pk": 3, "fields": {"name": "Can delete log entry", "content_type": 1, "codename": "delete_logentry"}}, {"model": "auth.permission", "pk": 4, "fields": {"name": "Can view log entry", "content_type": 1, "codename": "view_logentry"}}, {"model": "auth.permission", "pk": 5, "fields": {"name": "Can add permission", "content_type": 2, "codename": "add_permission"}}, {"model": "auth.permission", "pk": 6, "fields": {"name": "Can change permission", "content_type": 2, "codename": "change_permission"}}, {"model": "auth.permission", "pk": 7, "fields": {"name": "Can delete permission", "content_type": 2, "codename": "delete_permission"}}, {"model": "auth.permission", "pk": 8, "fields": {"name": "Can view permission", "content_type": 2, "codename": "view_permission"}}, {"model": "auth.permission", "pk": 9, "fields": {"name": "Can add group", "content_type": 3, "codename": "add_group"}}, {"model": "auth.permission", "pk": 10, "fields": {"name": "Can change group", "content_type": 3, "codename": "change_group"}}, {"model": "auth.permission", "pk": 11, "fields": {"name": "Can delete group", "content_type": 3, "codename": "delete_group"}}, {"model": "auth.permission", "pk": 12, "fields": {"name": "Can view group", "content_type": 3, "codename": "view_group"}}, {"model": "auth.permission", "pk": 13, "fields": {"name": "Can add user", "content_type": 4, "codename": "add_user"}}, {"model": "auth.permission", "pk": 14, "fields": {"name": "Can change user", "content_type": 4, "codename": "change_user"}}, {"model": "auth.permission", "pk": 15, "fields": {"name": "Can delete user", "content_type": 4, "codename": "delete_user"}}, {"model": "auth.permission", "pk": 16, "fields": {"name": "Can view user", "content_type": 4, "codename": "view_user"}}, {"model": "auth.permission", "pk": 17, "fields": {"name": "Can add content type", "content_type": 5, "codename": "add_contenttype"}}, {"model": "auth.permission", "pk": 18, "fields": {"name": "Can change content type", "content_type": 5, "codename": "change_contenttype"}}, {"model": "auth.permission", "pk": 19, "fields": {"name": "Can delete content type", "content_type": 5, "codename": "delete_contenttype"}}, {"model": "auth.permission", "pk": 20, "fields": {"name": "Can view content type", "content_type": 5, "codename": "view_contenttype"}}, {"model": "auth.permission", "pk": 21, "fields": {"name": "Can add session", "content_type": 6, "codename": "add_session"}}, {"model": "auth.permission", "pk": 22, "fields": {"name": "Can change session", "content_type": 6, "codename": "change_session"}}, {"model": "auth.permission", "pk": 23, "fields": {"name": "Can delete session", "content_type": 6, "codename": "delete_session"}}, {"model": "auth.permission", "pk": 24, "fields": {"name": "Can view session", "content_type": 6, "codename": "view_session"}}, {"model": "auth.permission", "pk": 25, "fields": {"name": "Can add Token", "content_type": 7, "codename": "add_token"}}, {"model": "auth.permission", "pk": 26, "fields": {"name": "Can change Token", "content_type": 7, "codename": "change_token"}}, {"model": "auth.permission", "pk": 27, "fields": {"name": "Can delete Token", "content_type": 7, "codename": "delete_token"}}, {"model": "auth.permission", "pk": 28, "fields": {"name": "Can view Token", "content_type": 7, "codename": "view_token"}}, {"model": "auth.permission", "pk": 29, "fields": {"name": "Can add token", "content_type": 8, "codename": "add_tokenproxy"}}, {"model": "auth.permission", "pk": 30, "fields": {"name": "Can change token", "content_type": 8, "codename": "change_tokenproxy"}}, {"model": "auth.permission", "pk": 31, "fields": {"name": "Can delete token", "content_type": 8, "codename": "delete_tokenproxy"}}, {"model": "auth.permission", "pk": 32, "fields": {"name": "Can view token", "content_type": 8, "codename": "view_tokenproxy"}}, {"model": "auth.permission", "pk": 33, "fields": {"name": "Can add Заявка", "content_type": 9, "codename": "add_application"}}, {"model": "auth.permission", "pk": 34, "fields": {"name": "Can change Заявка", "content_type": 9, "codename": "change_application"}}, {"model": "auth.permission", "pk": 35, "fields": {"name": "Can delete Заявка", "content_type": 9, "codename": "delete_application"}}, {"model": "auth.permission", "pk": 36, "fields": {"name": "Can view Заявка", "content_type": 9, "codename": "view_application"}}, {"model": "auth.permission", "pk": 37, "fields": {"name": "Can add Образование", "content_type": 10, "codename": "add_education"}}, {"model": "auth.permission", "pk": 38, "fields": {"name": "Can change Образование", "content_type": 10, "codename": "change_education"}}, {"model": "auth.permission", "pk": 39, "fields": {"name": "Can delete Образование", "content_type": 10, "codename": "delete_education"}}, {"model": "auth.permission", "pk": 40, "fields": {"name": "Can view Образование", "content_type": 10, "codename": "view_education"}}, {"model": "auth.permission", "pk": 41, "fields": {"name": "Can add Задача рекрутера", "content_type": 11, "codename": "add_expectations"}}, {"model": "auth.permission", "pk": 42, "fields": {"name": "Can change Задача рекрутера", "content_type": 11, "codename": "change_expectations"}}, {"model": "auth.permission", "pk": 43, "fields": {"name": "Can delete Задача рекрутера", "content_type": 11, "codename": "delete_expectations"}}, {"model": "auth.permission", "pk": 44, "fields": {"name": "Can view Задача рекрутера", "content_type": 11, "codename": "view_expectations"}}, {"model": "auth.permission", "pk": 45, "fields": {"name": "Can add Опыт работы в годах", "content_type": 12, "codename": "add_experience"}}, {"model": "auth.permission", "pk": 46, "fields": {"name": "Can change Опыт работы в годах", "content_type": 12, "codename": "change_experience"}}, {"model": "auth.permission", "pk": 47, "fields": {"name": "Can delete Опыт работы в годах", "content_type": 12, "codename": "delete_experience"}}, {"model": "auth.permission", "pk": 48, "fields": {"name": "Can view Опыт работы в годах", "content_type": 12, "codename": "view_experience"}}, {"model": "auth.permission", "pk": 49, "fields": {"name": "Can add Знание языка", "content_type": 13, "codename": "add_language"}}, {"model": "auth.permission", "pk": 50, "fields": {"name": "Can change Знание языка", "content_type": 13, "codename": "change_language"}}, {"model": "auth.permission", "pk": 51, "fields": {"name": "Can delete Знание языка", "content_type": 13, "codename": "delete_language"}}, {"model": "auth.permission", "pk": 52, "fields": {"name": "Can view Знание языка", "content_type": 13, "codename": "view_language"}}, {"model": "auth.permission", "pk": 53, "fields": {"name": "Can add Уровень языка", "content_type": 14, "codename": "add_languagelevel"}}, {"model": "auth.permission", "pk": 54, "fields": {"name": "Can change Уровень языка", "content_type": 14, "codename": "change_languagelevel"}}, {"model": "auth.permission", "pk": 55, "fields": {"name": "Can delete Уровень языка", "content_type": 14, "codename": "delete_languagelevel"}}, {"model": "auth.permission", "pk": 56, "fields": {"name": "Can view Уровень языка", "content_type": 14, "codename": "view_languagelevel"}}, {"model": "auth.permission", "pk": 57, "fields": {"name": "Can add Тип занятости", "content_type": 15, "codename": "add_occupation"}}, {"model": "auth.permission", "pk": 58, "fields": {"name": "Can change Тип занятости", "content_type": 15, "codename": "change_occupation"}}, {"model": "auth.permission", "pk": 59, "fields": {"name": "Can delete Тип занятости", "content_type": 15, "codename": "delete_occupation"}}, {"model": "auth.permission", "pk": 60, "fields": {"name": "Can view Тип занятости", "content_type": 15, "codename": "view_occupation"}}, {"model": "auth.permission", "pk": 61, "fields": {"name": "Can add Вариант выплаты рекрутеру", "content_type": 16, "codename": "add_payments"}}, {"model": "auth.permission", "pk": 62, "fields": {"name": "Can change Вариант выплаты рекрутеру", "content_type": 16, "codename": "change_payments"}}, {"model": "auth.permission", "pk": 63, "fields": {"name": "Can delete Вариант выплаты рекрутеру", "content_type": 16, "codename": "delete_payments"}}, {"model": "auth.permission", "pk": 64, "fields": {"name": "Can view Вариант выплаты рекрутеру", "content_type": 16, "codename": "view_payments"}}, {"model": "auth.permission", "pk": 65, "fields": {"name": "Can add Вариант оформления", "content_type": 17, "codename": "add_registration"}}, {"model": "auth.permission", "pk": 66, "fields": {"name": "Can change Вариант оформления", "content_type": 17, "codename": "change_registration"}}, {"model": "auth.permission", "pk": 67, "fields": {"name": "Can delete Вариант оформления", "content_type": 17, "codename": "delete_registration"}}, {"model": "auth.permission", "pk": 68, "fields": {"name": "Can view Вариант оформления", "content_type": 17, "codename": "view_registration"}}, {"model": "auth.permission", "pk": 69, "fields": {"name": "Can add Рекомендуемая зарплата", "content_type": 18, "codename": "add_salaryrecomend"}}, {"model": "auth.permission", "pk": 70, "fields": {"name": "Can change Рекомендуемая зарплата", "content_type": 18, "codename": "change_salaryrecomend"}}, {"model": "auth.permission", "pk": 71, "fields": {"name": "Can delete Рекомендуемая зарплата", "content_type": 18, "codename": "delete_salaryrecomend"}}, {"model": "auth.permission", "pk": 72, "fields": {"name": "Can view Рекомендуемая зарплата", "content_type": 18, "codename": "view_salaryrecomend"}}, {"model": "auth.permission", "pk": 73, "fields": {"name": "Can add Рекомендуемые зарплаты по специальностям в городах", "content_type": 19, "codename": "add_salaryrecomendtown"}}, {"model": "auth.permission", "pk": 74, "fields": {"name": "Can change Рекомендуемые зарплаты по специальностям в городах", "content_type": 19, "codename": "change_salaryrecomendtown"}}, {"model": "auth.permission", "pk": 75, "fields": {"name": "Can delete Рекомендуемые зарплаты по специальностям в городах", "content_type": 19, "codename": "delete_salaryrecomendtown"}}, {"model": "auth.permission", "pk": 76, "fields": {"name": "Can view Рекомендуемые зарплаты по специальностям в городах", "content_type": 19, "codename": "view_salaryrecomendtown"}}, {"model": "auth.permission", "pk": 77, "fields": {"name": "Can add График работы", "content_type": 20, "codename": "add_schedule"}}, {"model": "auth.permission", "pk": 78, "fields": {"name": "Can change График работы", "content_type": 20, "codename": "change_schedule"}}, {"model": "auth.permission", "pk": 79, "fields": {"name": "Can delete График работы", "content_type": 20, "codename": "delete_schedule"}}, {"model": "auth.permission", "pk": 80, "fields": {"name": "Can view График работы", "content_type": 20, "codename": "view_schedule"}}, {"model": "auth.permission", "pk": 81, "fields": {"name": "Can add Навык", "content_type": 21, "codename": "add_skill"}}, {"model": "auth.permission", "pk": 82, "fields": {"name": "Can change Навык", "content_type": 21, "codename": "change_skill"}}, {"model": "auth.permission", "pk": 83, "fields": {"name": "Can delete Навык", "content_type": 21, "codename": "delete_skill"}}, {"model": "auth.permission", "pk": 84, "fields": {"name": "Can view Навык", "content_type": 21, "codename": "view_skill"}}, {"model": "auth.permission", "pk": 85, "fields": {"name": "Can add Специальность-Навык", "content_type": 22, "codename": "add_skillspecialization"}}, {"model": "auth.permission", "pk": 86, "fields": {"name": "Can change Специальность-Навык", "content_type": 22, "codename": "change_skillspecialization"}}, {"model": "auth.permission", "pk": 87, "fields": {"name": "Can delete Специальность-Навык", "content_type": 22, "codename": "delete_skillspecialization"}}, {"model": "auth.permission", "pk": 88, "fields": {"name": "Can view Специальность-Навык", "content_type": 22, "codename": "view_skillspecialization"}}, {"model": "auth.permission", "pk": 89, "fields": {"name": "Can add Город", "content_type": 23, "codename": "add_towns"}}, {"model": "auth.permission", "pk": 90, "fields": {"name": "Can change Город", "content_type": 23, "codename": "change_towns"}}, {"model": "auth.permission", "pk": 91, "fields": {"name": "Can delete Город", "content_type": 23, "codename": "delete_towns"}}, {"model": "auth.permission", "pk": 92, "fields": {"name": "Can view Город", "content_type": 23, "codename": "view_towns"}}, {"model": "auth.permission", "pk": 93, "fields": {"name": "Can add Специальность", "content_type": 24, "codename": "add_specialization"}}, {"model": "auth.permission", "pk": 94, "fields": {"name": "Can change Специальность", "content_type": 24, "codename": "change_specialization"}}, {"model": "auth.permission", "pk": 95, "fields": {"name": "Can delete Специальность", "content_type": 24, "codename": "delete_specialization"}}, {"model": "auth.permission", "pk": 96, "fields": {"name": "Can view Специальность", "content_type": 24, "codename": "view_specialization"}}, {"model": "auth.permission", "pk": 97, "fields": {"name": "Can add Заявка-Навык", "content_type": 25, "codename": "add_skillapplication"}}, {"model": "auth.permission", "pk": 98, "fields": {"name": "Can change Заявка-Навык", "content_type": 25, "codename": "change_skillapplication"}}, {"model": "auth.permission", "pk": 99, "fields": {"name": "Can delete Заявка-Навык", "content_type": 25, "codename": "delete_skillapplication"}}, {"model": "auth.permission", "pk": 100, "fields": {"name": "Can view Заявка-Навык", "content_type": 25, "codename": "view_skillapplication"}}, {"model": "auth.permission", "pk": 101, "fields": {"name": "Can add Заявка-График", "content_type": 26, "codename": "add_scheduleapplication"}}, {"model": "auth.permission", "pk": 102, "fields": {"name": "Can change Заявка-График", "content_type": 26, "codename": "change_scheduleapplication"}}, {"model": "auth.permission", "pk": 103, "fields": {"name": "Can delete Заявка-График", "content_type": 26, "codename": "delete_scheduleapplication"}}, {"model": "auth.permission", "pk": 104, "fields": {"name": "Can view Заявка-График", "content_type": 26, "codename": "view_scheduleapplication"}}, {"model": "auth.permission", "pk": 105, "fields": {"name": "Can add Заявка-Оформление", "content_type": 27, "codename": "add_registrationapplication"}}, {"model": "auth.permission", "pk": 106, "fields": {"name": "Can change Заявка-Оформление", "content_type": 27, "codename": "change_registrationapplication"}}, {"model": "auth.permission", "pk": 107, "fields": {"name": "Can delete Заявка-Оформление", "content_type": 27, "codename": "delete_registrationapplication"}}, {"model": "auth.permission", "pk": 108, "fields": {"name": "Can view Заявка-Оформление", "content_type": 27, "codename": "view_registrationapplication"}}, {"model": "auth.permission", "pk": 109, "fields": {"name": "Can add Заявка-ТипЗанятости", "content_type": 28, "codename": "add_occupationapplication"}}, {"model": "auth.permission", "pk": 110, "fields": {"name": "Can change Заявка-ТипЗанятости", "content_type": 28, "codename": "change_occupationapplication"}}, {"model": "auth.permission", "pk": 111, "fields": {"name": "Can delete Заявка-ТипЗанятости", "content_type": 28, "codename": "delete_occupationapplication"}}, {"model": "auth.permission", "pk": 112, "fields": {"name": "Can view Заявка-ТипЗанятости", "content_type": 28, "codename": "view_occupationapplication"}}, {"model": "auth.permission", "pk": 113, "fields": {"name": "Can add Заявка-Язык", "content_type": 29, "codename": "add_languageapplication"}}, {"model": "auth.permission", "pk": 114, "fields": {"name": "Can change Заявка-Язык", "content_type": 29, "codename": "change_languageapplication"}}, {"model": "auth.permission", "pk": 115, "fields": {"name": "Can delete Заявка-Язык", "content_type": 29, "codename": "delete_languageapplication"}}, {"model": "auth.permission", "pk": 116, "fields": {"name": "Can view Заявка-Язык", "content_type": 29, "codename": "view_languageapplication"}}, {"model": "auth.permission", "pk": 117, "fields": {"name": "Can add Заявка-ЗадачаРекрутера", "content_type": 30, "codename": "add_expectationsapplication"}}, {"model": "auth.permission", "pk": 118, "fields": {"name": "Can change Заявка-ЗадачаРекрутера", "content_type": 30, "codename": "change_expectationsapplication"}}, {"model": "auth.permission", "pk": 119, "fields": {"name": "Can delete Заявка-ЗадачаРекрутера", "content_type": 30, "codename": "delete_expectationsapplication"}}, {"model": "auth.permission", "pk": 120, "fields": {"name": "Can view Заявка-ЗадачаРекрутера", "content_type": 30, "codename": "view_expectationsapplication"}}, {"model": "auth.user", "pk": 1, "fields": {"password": "pbkdf2_sha256$260000$JoAgR0ekySpO6fiN2ZXbcI$euFv0p++Zzh7NoaDtbSgsEtEH5gCda81lR7Vx8z25T0=", "last_login": "2024-03-25T23:18:33.646Z", "is_superuser": true, "username": "admin", "first_name": "", "last_name": "", "email": "yasha1bz@gmail.com", "is_staff": true, "is_active": true, "date_joined": "2024-03-23T01:53:16.679Z", "groups": [], "user_permissions": []}}, {"model": "contenttypes.contenttype", "pk": 1, "fields": {"app_label": "admin", "model": "logentry"}}, {"model": "contenttypes.contenttype", "pk": 2, "fields": {"app_label": "auth", "model": "permission"}}, {"model": "contenttypes.contenttype", "pk": 3, "fields": {"app_label": "auth", "model": "group"}}, {"model": "contenttypes.contenttype", "pk": 4, "fields": {"app_label": "auth", "model": "user"}}, {"model": "contenttypes.contenttype", "pk": 5, "fields": {"app_label": "contenttypes", "model": "contenttype"}}, {"model": "contenttypes.contenttype", "pk": 6, "fields": {"app_label": "sessions", "model": "session"}}, {"model": "contenttypes.contenttype", "pk": 7, "fields": {"app_label": "authtoken", "model": "token"}}, {"model": "contenttypes.contenttype", "pk": 8, "fields": {"app_label": "authtoken", "model": "tokenproxy"}}, {"model": "contenttypes.contenttype", "pk": 9, "fields": {"app_label": "app", "model": "application"}}, {"model": "contenttypes.contenttype", "pk": 10, "fields": {"app_label": "app", "model": "education"}}, {"model": "contenttypes.contenttype", "pk": 11, "fields": {"app_label": "app", "model": "expectations"}}, {"model": "contenttypes.contenttype", "pk": 12, "fields": {"app_label": "app", "model": "experience"}}, {"model": "contenttypes.contenttype", "pk": 13, "fields": {"app_label": "app", "model": "language"}}, {"model": "contenttypes.contenttype", "pk": 14, "fields": {"app_label": "app", "model": "languagelevel"}}, {"model": "contenttypes.contenttype", "pk": 15, "fields": {"app_label": "app", "model": "occupation"}}, {"model": "contenttypes.contenttype", "pk": 16, "fields": {"app_label": "app", "model": "payments"}}, {"model": "contenttypes.contenttype", "pk": 17, "fields": {"app_label": "app", "model": "registration"}}, {"model": "contenttypes.contenttype", "pk": 18, "fields": {"app_label": "app", "model": "salaryrecomend"}}, {"model": "contenttypes.contenttype", "pk": 19, "fields": {"app_label": "app", "model": "salaryrecomendtown"}}, {"model": "contenttypes.contenttype", "pk": 20, "fields": {"app_label": "app", "model": "schedule"}}, {"model": "contenttypes.contenttype", "pk": 21, "fields": {"app_label": "app", "model": "skill"}}, {"model": "contenttypes.contenttype", "pk": 22, "fields": {"app_label": "app", "model": "skillspecialization"}}, {"model": "contenttypes.contenttype", "pk": 23, "fields": {"app_label": "app", "model": "towns"}}, {"model": "contenttypes.contenttype", "pk": 24, "fields": {"app_label": "app", "model": "specialization"}}, {"model": "contenttypes.contenttype", "pk": 25, "fields": {"app_label": "app", "model": "skillapplication"}}, {"model": "contenttypes.contenttype", "pk": 26, "fields": {"app_label": "app", "model": "scheduleapplication"}}, {"model": "contenttypes.contenttype", "pk": 27, "fields": {"app_label": "app", "model": "registrationapplication"}}, {"model": "contenttypes.contenttype", "pk": 28, "fields": {"app_label": "app", "model": "occupationapplication"}}, {"model": "contenttypes.contenttype", "pk": 29, "fields": {"app_label": "app", "model": "languageapplication"}}, {"model": "contenttypes.contenttype", "pk": 30, "fields": {"app_label": "app", "model": "expectationsapplication"}}, {"model": "sessions.session", "pk": "6jmqlttt0ya1ii2gbrtbc87j62xkaj5r", "fields": {"session_data": ".eJxVjDsOgzAQRO_iOrLw-oOdMj1nsHa9JpBEWMJQRbl7jESRTPnmzbxFxH2b4l7zGmcWV6HE5ZcRpmdejoIfuNyLTGXZ1pnkocizrXIonF-30_07mLBObZ00WBgZwWkTgvOjCajQB507C9Spxnr2qBmYbK-AKJDRTrU4TBDE5wvCqzbe:1rogml:D2_SuVu3j9t2FlN9XPBd5vOVo_zZwZWBgWkgXWnjUEM", "expire_date": "2024-04-08T09:38:31.059Z"}}, {"model": "sessions.session", "pk": "bjacwe1p5dsaoer2wz1tai3qwi2pnt7n", "fields": {"session_data": ".eJxVjDsOgzAQRO_iOrLw-oOdMj1nsHa9JpBEWMJQRbl7jESRTPnmzbxFxH2b4l7zGmcWV6HE5ZcRpmdejoIfuNyLTGXZ1pnkocizrXIonF-30_07mLBObZ00WBgZwWkTgvOjCajQB507C9Spxnr2qBmYbK-AKJDRTrU4TBDE5wvCqzbe:1ro1fq:PfZlbbBypmB4lV_XuPMmhN-OaZ4u8aKsaxEF5C9uSH0", "expire_date": "2024-04-06T13:44:38.242Z"}}, {"model": "sessions.session", "pk": "kk9v5xtl8fiw3geskm1vip5z6h2r0own", "fields": {"session_data": ".eJxVjDsOgzAQRO_iOrLw-oOdMj1nsHa9JpBEWMJQRbl7jESRTPnmzbxFxH2b4l7zGmcWV6HE5ZcRpmdejoIfuNyLTGXZ1pnkocizrXIonF-30_07mLBObZ00WBgZwWkTgvOjCajQB507C9Spxnr2qBmYbK-AKJDRTrU4TBDE5wvCqzbe:1rohb7:5OK7_kbFJ7JOMXu81j4MMb6_L3BhPZxuicEad7BpXp8", "expire_date": "2024-04-08T10:30:33.704Z"}}, {"model": "sessions.session", "pk": "qi258a5i6xtmfp9le5yetvp14l7lhx4e", "fields": {"session_data": ".eJxVjDsOgzAQRO_iOrLw-oOdMj1nsHa9JpBEWMJQRbl7jESRTPnmzbxFxH2b4l7zGmcWV6HE5ZcRpmdejoIfuNyLTGXZ1pnkocizrXIonF-30_07mLBObZ00WBgZwWkTgvOjCajQB507C9Spxnr2qBmYbK-AKJDRTrU4TBDE5wvCqzbe:1rotaL:nsgb941hKce33B41xcUFxq8yPetwsaQq4iXh1QzkE70", "expire_date": "2024-04-08T23:18:33.679Z"}}, {"model": "sessions.session", "pk": "r36v5yoanlpq8rvs6xsfyedscgn53zvf", "fields": {"session_data": ".eJxVjDsOgzAQRO_iOrLw-oOdMj1nsHa9JpBEWMJQRbl7jESRTPnmzbxFxH2b4l7zGmcWV6HE5ZcRpmdejoIfuNyLTGXZ1pnkocizrXIonF-30_07mLBObZ00WBgZwWkTgvOjCajQB507C9Spxnr2qBmYbK-AKJDRTrU4TBDE5wvCqzbe:1rnqaM:tO96DFSicDs2P3tokFxy-np_rrNhWvak-ne_gCs2aWU", "expire_date": "2024-04-06T01:54:14.914Z"}}, {"model": "sessions.session", "pk": "tkzoomjktsw002un5u5z4afib0az8feg", "fields": {"session_data": ".eJxVjDsOgzAQRO_iOrLw-oOdMj1nsHa9JpBEWMJQRbl7jESRTPnmzbxFxH2b4l7zGmcWV6HE5ZcRpmdejoIfuNyLTGXZ1pnkocizrXIonF-30_07mLBObZ00WBgZwWkTgvOjCajQB507C9Spxnr2qBmYbK-AKJDRTrU4TBDE5wvCqzbe:1ro7Kl:Hz5xyCtSEeAQ8o3scCsHprsYPVE9Hy-jeXOKaJr--MU", "expire_date": "2024-04-06T19:47:15.222Z"}}, {"model": "authtoken.token", "pk": "eb5412dde4a745df4b30b39ccff457978b1b5902", "fields": {"user": 1, "created": "2024-03-23T09:16:20.187Z"}}, {"model": "app.skill", "pk": 1, "fields": {"name": "петь"}}, {"model": "app.skill", "pk": 2, "fields": {"name": "кодить"}}, {"model": "app.skill", "pk": 3, "fields": {"name": "молчать"}}, {"model": "app.skill", "pk": 4, "fields": {"name": "презентовать"}}, {"model": "app.skill", "pk": 5, "fields": {"name": "джава"}}, {"model": "app.skill", "pk": 6, "fields": {"name": "пилить"}}, {"model": "app.skill", "pk": 7, "fields": {"name": "колотить"}}, {"model": "app.skill", "pk": 8, "fields": {"name": "JTBD"}}, {"model": "app.skill", "pk": 9, "fields": {"name": "CJM"}}, {"model": "app.skill", "pk": 10, "fields": {"name": "Figma"}}, {"model": "app.skill", "pk": 11, "fields": {"name": "Wireframe"}}, {"model": "app.skill", "pk": 12, "fields": {"name": "Интервью"}}, {"model": "app.skill", "pk": 13, "fields": {"name": "Исследования"}}, {"model": "app.skill", "pk": 14, "fields": {"name": "скорость"}}, {"model": "app.skill", "pk": 15, "fields": {"name": "аккуратность"}}, {"model": "app.towns", "pk": 1, "fields": {"name": "Калуга"}}, {"model": "app.towns", "pk": 2, "fields": {"name": "Ысеть"}}, {"model": "app.towns", "pk": 3, "fields": {"name": "Мурманск"}}, {"model": "app.towns", "pk": 4, "fields": {"name": "Лион"}}, {"model": "app.towns", "pk": 5, "fields": {"name": "Москва"}}, {"model": "app.towns", "pk": 7, "fields": {"name": "Екатеринбург"}}, {"model": "app.towns", "pk": 8, "fields": {"name": "Минск"}}, {"model": "app.towns", "pk": 9, "fields": {"name": "Краснодар"}}, {"model": "app.towns", "pk": 10, "fields": {"name": "Чебоксары"}}, {"model": "app.towns", "pk": 11, "fields": {"name": "Сочи"}}, {"model": "app.towns", "pk": 12, "fields": {"name": "Санкт-Петербург"}}, {"model": "app.salaryrecomend", "pk": 1, "fields": {"salary_recomend": 50000}}, {"model": "app.salaryrecomend", "pk": 2, "fields": {"salary_recomend": 100000}}, {"model": "app.salaryrecomend", "pk": 3, "fields": {"salary_recomend": 120000}}, {"model": "app.salaryrecomend", "pk": 4, "fields": {"salary_recomend": 100000}}, {"model": "app.salaryrecomend", "pk": 5, "fields": {"salary_recomend": 70000}}, {"model": "app.salaryrecomend", "pk": 6, "fields": {"salary_recomend": 90000}}, {"model": "app.salaryrecomend", "pk": 7, "fields": {"salary_recomend": 30000}}, {"model": "app.specialization", "pk": 1, "fields": {"name": "Девопс"}}, {"model": "app.specialization", "pk": 2, "fields": {"name": "Слесарь"}}, {"model": "app.specialization", "pk": 5, "fields": {"name": "Дизайнер"}}, {"model": "app.specialization", "pk": 6, "fields": {"name": "Дворник"}}, {"model": "app.specialization", "pk": 7, "fields": {"name": "Курьер"}}, {"model": "app.specialization", "pk": 8, "fields": {"name": "Сантехник"}}, {"model": "app.specialization", "pk": 9, "fields": {"name": "Дегустатор"}}, {"model": "app.specialization", "pk": 10, "fields": {"name": "Фронтендер"}}, {"model": "app.specialization", "pk": 11, "fields": {"name": "Бэкендер"}}, {"model": "app.salaryrecomendtown", "pk": 1, "fields": {"town_id": 1, "specialization_id": 2, "salary_recomend": 1}}, {"model": "app.salaryrecomendtown", "pk": 2, "fields": {"town_id": 4, "specialization_id": 2, "salary_recomend": 1}}, {"model": "app.salaryrecomendtown", "pk": 3, "fields": {"town_id": 5, "specialization_id": 1, "salary_recomend": 3}}, {"model": "app.salaryrecomendtown", "pk": 4, "fields": {"town_id": 8, "specialization_id": 1, "salary_recomend": 4}}, {"model": "app.salaryrecomendtown", "pk": 5, "fields": {"town_id": 2, "specialization_id": 1, "salary_recomend": 5}}, {"model": "app.salaryrecomendtown", "pk": 7, "fields": {"town_id": 4, "specialization_id": 7, "salary_recomend": 1}}, {"model": "app.salaryrecomendtown", "pk": 8, "fields": {"town_id": 5, "specialization_id": 7, "salary_recomend": 5}}, {"model": "app.salaryrecomendtown", "pk": 9, "fields": {"town_id": 3, "specialization_id": 2, "salary_recomend": 7}}, {"model": "app.experience", "pk": 1, "fields": {"name": "1-3 года"}}, {"model": "app.experience", "pk": 2, "fields": {"name": "Нет опыта"}}, {"model": "app.experience", "pk": 3, "fields": {"name": "более 6 лет"}}, {"model": "app.experience", "pk": 4, "fields": {"name": "3-6 лет"}}, {"model": "app.experience", "pk": 5, "fields": {"name": "Неважно"}}, {"model": "app.education", "pk": 1, "fields": {"name": "Среднее"}}, {"model": "app.education", "pk": 2, "fields": {"name": "Высшее"}}, {"model": "app.education", "pk": 4, "fields": {"name": "Среднее специальное"}}, {"model": "app.education", "pk": 5, "fields": {"name": "Без образования"}}, {"model": "app.education", "pk": 7, "fields": {"name": "Высшее (бакалавр)"}}, {"model": "app.language", "pk": 1, "fields": {"name": "Английский"}}, {"model": "app.language", "pk": 2, "fields": {"name": "Японский"}}, {"model": "app.language", "pk": 3, "fields": {"name": "Китайский"}}, {"model": "app.language", "pk": 4, "fields": {"name": "Французский"}}, {"model": "app.language", "pk": 5, "fields": {"name": "Немецкий"}}, {"model": "app.language", "pk": 6, "fields": {"name": "Польский"}}, {"model": "app.language", "pk": 7, "fields": {"name": "Чешский"}}, {"model": "app.language", "pk": 8, "fields": {"name": "Испанский"}}, {"model": "app.language", "pk": 9, "fields": {"name": "Велийский"}}, {"model": "app.languagelevel", "pk": 1, "fields": {"name": "A1"}}, {"model": "app.languagelevel", "pk": 2, "fields": {"name": "B1"}}, {"model": "app.languagelevel", "pk": 3, "fields": {"name": "A2"}}, {"model": "app.languagelevel", "pk": 4, "fields": {"name": "B2"}}, {"model": "app.languagelevel", "pk": 5, "fields": {"name": "C1"}}, {"model": "app.languagelevel", "pk": 6, "fields": {"name": "C2"}}, {"model": "app.registration", "pk": 1, "fields": {"name": "ТК РФ"}}, {"model": "app.registration", "pk": 2, "fields": {"name": "ГПХ и по совместительству"}}, {"model": "app.occupation", "pk": 1, "fields": {"name": "Проектная работа"}}, {"model": "app.occupation", "pk": 2, "fields": {"name": "Частичная занятость"}}, {"model": "app.occupation", "pk": 3, "fields": {"name": "Полная занятость"}}, {"model": "app.occupation", "pk": 4, "fields": {"name": "Стажировка"}}, {"model": "app.occupation", "pk": 5, "fields": {"name": "Волонтерство"}}, {"model": "app.schedule", "pk": 1, "fields": {"name": "Полный день"}}, {"model": "app.schedule", "pk": 2, "fields": {"name": "Удаленная работа"}}, {"model": "app.schedule", "pk": 3, "fields": {"name": "Гибкий график"}}, {"model": "app.schedule", "pk": 4, "fields": {"name": "Сменный график"}}, {"model": "app.schedule", "pk": 5, "fields": {"name": "Вахтовый метод"}}, {"model": "app.expectations", "pk": 1, "fields": {"name": "Проведет с кандидатом интервью"}}, {"model": "app.expectations", "pk": 2, "fields": {"name": "Запросит рекомендации с предыдущих мест работы"}}, {"model": "app.expectations", "pk": 3, "fields": {"name": "Найдет и предоставит релевантное резюме"}}, {"model": "app.expectations", "pk": 4, "fields": {"name": "Отправит кандидату тестовое задание"}}, {"model": "app.expectations", "pk": 5, "fields": {"name": "Отправит кандидату анкету службы безопасности"}}, {"model": "app.expectations", "pk": 6, "fields": {"name": "Отправит финалисту приглашение на работу"}}, {"model": "app.expectations", "pk": 7, "fields": {"name": "Организует собеседование с заказчиком"}}, {"model": "app.payments", "pk": 1, "fields": {"name": "100% после выхода сотрудника"}}, {"model": "app.payments", "pk": 2, "fields": {"name": "50/50 после выхода сотрудника после гарантийного срока"}}, {"model": "app.payments", "pk": 4, "fields": {"name": "100% после гарантийного срока"}}, {"model": "app.application", "pk": 15, "fields": {"employer_id": 1, "date": "2024-03-26", "mission": false, "bonus": false, "salary_min": 45000, "salary_max": 120000, "responsibilities": "петь песни", "other_requirements": "", "candidates_count": 2, "recruiter_count": 3, "award": 70000, "name": "Певец в офис", "specialization": 2, "towns": 4, "experience": 3, "education": 7, "payments": 4}}, {"model": "app.application", "pk": 16, "fields": {"employer_id": 1, "date": "2024-03-26", "mission": false, "bonus": false, "salary_min": 45000, "salary_max": 120000, "responsibilities": "петь песни", "other_requirements": "", "candidates_count": 2, "recruiter_count": 3, "award": 70000, "name": "Певец в офис", "specialization": 8, "towns": 2, "experience": 3, "education": 7, "payments": 4}}, {"model": "app.application", "pk": 17, "fields": {"employer_id": 1, "date": "2024-03-26", "mission": false, "bonus": false, "salary_min": 45000, "salary_max": 120000, "responsibilities": "петь песни", "other_requirements": "", "candidates_count": 2, "recruiter_count": 3, "award": 70000, "name": "Певец в офис", "specialization": 1, "towns": 4, "experience": 3, "education": 7, "payments": 4}}, {"model": "app.skillapplication", "pk": 35, "fields": {"application_id": 15, "skill_id": 1}}, {"model": "app.skillapplication", "pk": 36, "fields": {"application_id": 15, "skill_id": 2}}, {"model": "app.skillapplication", "pk": 37, "fields": {"application_id": 15, "skill_id": 3}}, {"model": "app.skillapplication", "pk": 38, "fields": {"application_id": 15, "skill_id": 4}}, {"model": "app.skillapplication", "pk": 39, "fields": {"application_id": 15, "skill_id": 5}}, {"model": "app.skillapplication", "pk": 40, "fields": {"application_id": 16, "skill_id": 1}}, {"model": "app.skillapplication", "pk": 41, "fields": {"application_id": 16, "skill_id": 2}}, {"model": "app.skillapplication", "pk": 42, "fields": {"application_id": 16, "skill_id": 3}}, {"model": "app.skillapplication", "pk": 43, "fields": {"application_id": 16, "skill_id": 4}}, {"model": "app.skillapplication", "pk": 44, "fields": {"application_id": 16, "skill_id": 5}}, {"model": "app.skillapplication", "pk": 45, "fields": {"application_id": 17, "skill_id": 1}}, {"model": "app.skillapplication", "pk": 46, "fields": {"application_id": 17, "skill_id": 2}}, {"model": "app.skillapplication", "pk": 47, "fields": {"application_id": 17, "skill_id": 3}}, {"model": "app.skillapplication", "pk": 48, "fields": {"application_id": 17, "skill_id": 4}}, {"model": "app.skillapplication", "pk": 49, "fields": {"application_id": 17, "skill_id": 5}}, {"model": "app.languageapplication", "pk": 14, "fields": {"application_id": 15, "language_id": 2, "language_level": 2}}, {"model": "app.languageapplication", "pk": 15, "fields": {"application_id": 15, "language_id": 1, "language_level": 6}}, {"model": "app.languageapplication", "pk": 16, "fields": {"application_id": 16, "language_id": 2, "language_level": 2}}, {"model": "app.languageapplication", "pk": 17, "fields": {"application_id": 16, "language_id": 1, "language_level": 6}}, {"model": "app.languageapplication", "pk": 18, "fields": {"application_id": 17, "language_id": 2, "language_level": 2}}, {"model": "app.languageapplication", "pk": 19, "fields": {"application_id": 17, "language_id": 1, "language_level": 6}}, {"model": "app.scheduleapplication", "pk": 16, "fields": {"application_id": 15, "Schedule_id": 2}}, {"model": "app.scheduleapplication", "pk": 17, "fields": {"application_id": 15, "Schedule_id": 3}}, {"model": "app.scheduleapplication", "pk": 18, "fields": {"application_id": 16, "Schedule_id": 2}}, {"model": "app.scheduleapplication", "pk": 19, "fields": {"application_id": 16, "Schedule_id": 3}}, {"model": "app.scheduleapplication", "pk": 20, "fields": {"application_id": 17, "Schedule_id": 2}}, {"model": "app.scheduleapplication", "pk": 21, "fields": {"application_id": 17, "Schedule_id": 3}}, {"model": "app.occupationapplication", "pk": 16, "fields": {"application_id": 15, "occupation_id": 1}}, {"model": "app.occupationapplication", "pk": 17, "fields": {"application_id": 15, "occupation_id": 2}}, {"model": "app.occupationapplication", "pk": 18, "fields": {"application_id": 16, "occupation_id": 1}}, {"model": "app.occupationapplication", "pk": 19, "fields": {"application_id": 16, "occupation_id": 2}}, {"model": "app.occupationapplication", "pk": 20, "fields": {"application_id": 17, "occupation_id": 1}}, {"model": "app.occupationapplication", "pk": 21, "fields": {"application_id": 17, "occupation_id": 2}}, {"model": "app.registrationapplication", "pk": 17, "fields": {"application_id": 15, "registration_id": 1}}, {"model": "app.registrationapplication", "pk": 18, "fields": {"application_id": 15, "registration_id": 2}}, {"model": "app.registrationapplication", "pk": 19, "fields": {"application_id": 16, "registration_id": 1}}, {"model": "app.registrationapplication", "pk": 20, "fields": {"application_id": 16, "registration_id": 2}}, {"model": "app.registrationapplication", "pk": 21, "fields": {"application_id": 17, "registration_id": 1}}, {"model": "app.registrationapplication", "pk": 22, "fields": {"application_id": 17, "registration_id": 2}}, {"model": "app.expectationsapplication", "pk": 24, "fields": {"application_id": 15, "expectations_id": 1}}, {"model": "app.expectationsapplication", "pk": 25, "fields": {"application_id": 15, "expectations_id": 2}}, {"model": "app.expectationsapplication", "pk": 26, "fields": {"application_id": 15, "expectations_id": 3}}, {"model": "app.expectationsapplication", "pk": 27, "fields": {"application_id": 16, "expectations_id": 1}}, {"model": "app.expectationsapplication", "pk": 28, "fields": {"application_id": 16, "expectations_id": 2}}, {"model": "app.expectationsapplication", "pk": 29, "fields": {"application_id": 16, "expectations_id": 3}}, {"model": "app.expectationsapplication", "pk": 30, "fields": {"application_id": 17, "expectations_id": 1}}, {"model": "app.expectationsapplication", "pk": 31, "fields": {"application_id": 17, "expectations_id": 2}}, {"model": "app.expectationsapplication", "pk": 32, "fields": {"application_id": 17, "expectations_id": 3}}, {"model": "app.skillspecialization", "pk": 1, "fields": {"specialization_id": 5, "skill_id": 13}}, {"model": "app.skillspecialization", "pk": 2, "fields": {"specialization_id": 6, "skill_id": 1}}, {"model": "app.skillspecialization", "pk": 3, "fields": {"specialization_id": 7, "skill_id": 14}}, {"model": "app.skillspecialization", "pk": 4, "fields": {"specialization_id": 7, "skill_id": 15}}]